Petawawa, (51010) Hourly, Fine particulate matter (PM2.5) Concentrations
Station,Petawawa (51010)
Address,Petawawa Research Forest Facility
Latitude,45.996722
Longitude,-77.441194
Elevation, 174 metres
Air intake height,6 metres
Pollutant,Fine Particulate Matter (fine particulate matter PM2.5)
Unit, micrograms per cubic metre (&micro;g/m<sup>3</sup>)
Remarks, 9999 for invalid or missing data.
Station ID,Pollutant,Date,H01,H02,H03,H04,H05,H06,H07,H08,H09,H10,H11,H12,H13,H14,H15,H16,H17,H18,H19,H20,H21,H22,H23,H24
51010,Fine Particulate Matter,2020-01-01,2,3,3,3,2,2,2,2,2,2,2,2,2,2,2,2,2,2,2,2,2,2,2,2,
51010,Fine Particulate Matter,2020-01-02,2,2,2,2,2,3,4,6,5,5,6,7,7,8,8,7,8,7,7,7,6,6,6,5,
51010,Fine Particulate Matter,2020-01-03,5,6,6,6,6,6,6,6,6,7,7,6,5,4,3,3,3,3,3,3,3,3,2,2,
51010,Fine Particulate Matter,2020-01-04,2,2,2,2,2,2,2,2,2,3,3,3,3,2,2,2,2,3,3,3,3,3,3,2,
51010,Fine Particulate Matter,2020-01-05,2,2,2,2,2,2,2,2,2,2,2,2,2,2,2,2,2,2,2,2,2,2,2,2,
51010,Fine Particulate Matter,2020-01-06,2,2,2,2,2,2,2,2,2,2,2,2,2,2,2,2,2,3,3,2,2,2,2,2,
51010,Fine Particulate Matter,2020-01-07,2,2,2,2,2,2,2,2,2,2,2,2,2,2,2,2,2,3,3,3,3,4,4,4,
51010,Fine Particulate Matter,2020-01-08,6,8,7,7,6,5,4,4,3,3,3,3,3,3,3,3,3,2,3,3,2,2,2,2,
51010,Fine Particulate Matter,2020-01-09,2,2,2,2,2,2,2,2,2,2,2,2,3,3,2,2,2,2,2,2,2,3,3,2,
51010,Fine Particulate Matter,2020-01-10,2,3,3,3,3,3,3,3,3,4,4,4,4,4,4,5,5,5,4,6,7,7,7,6,
51010,Fine Particulate Matter,2020-01-11,5,7,9,8,6,4,3,2,3,4,4,4,4,4,3,3,3,4,4,4,4,3,3,3,
51010,Fine Particulate Matter,2020-01-12,3,2,3,2,2,2,2,2,2,2,2,2,2,2,2,2,2,2,2,2,2,2,3,3,
51010,Fine Particulate Matter,2020-01-13,2,2,3,3,3,2,2,2,3,3,3,3,3,3,3,3,3,3,3,4,4,4,3,3,
51010,Fine Particulate Matter,2020-01-14,3,3,3,3,3,4,3,3,3,4,9,5,3,3,3,3,3,4,4,5,5,6,5,6,
51010,Fine Particulate Matter,2020-01-15,8,10,11,12,12,12,13,12,11,11,11,10,10,10,11,11,12,12,12,11,12,13,12,12,
51010,Fine Particulate Matter,2020-01-16,11,14,12,7,5,4,3,3,3,3,3,3,3,3,3,3,2,2,2,3,2,3,3,3,
51010,Fine Particulate Matter,2020-01-17,3,3,3,3,3,3,3,3,3,4,4,3,3,3,3,2,2,2,2,2,2,2,2,2,
51010,Fine Particulate Matter,2020-01-18,2,2,2,2,2,2,4,5,4,3,3,3,3,3,3,2,2,2,2,2,2,2,2,2,
51010,Fine Particulate Matter,2020-01-19,3,4,4,4,3,2,2,2,2,3,2,2,2,2,2,2,3,4,4,4,4,3,3,3,
51010,Fine Particulate Matter,2020-01-20,3,2,2,2,2,2,2,2,2,2,2,2,2,2,2,2,2,2,2,2,2,2,2,2,
51010,Fine Particulate Matter,2020-01-21,2,2,2,2,2,2,2,2,3,3,3,4,4,4,3,2,2,2,2,2,2,2,2,2,
51010,Fine Particulate Matter,2020-01-22,2,2,2,3,3,3,3,3,5,5,5,4,3,3,4,5,6,6,6,6,7,7,6,6,
51010,Fine Particulate Matter,2020-01-23,6,6,7,7,7,8,7,8,7,8,8,9,8,8,8,8,7,7,7,7,7,7,7,8,
51010,Fine Particulate Matter,2020-01-24,7,7,9,10,9,9,9,9,9,9,8,8,7,6,6,6,6,6,7,7,8,7,7,7,
51010,Fine Particulate Matter,2020-01-25,8,8,9,9,10,10,10,9,8,8,8,7,7,7,6,5,5,6,6,6,5,5,5,5,
51010,Fine Particulate Matter,2020-01-26,5,5,5,5,5,5,4,4,5,5,5,4,4,4,4,4,4,4,4,3,3,3,3,2,
51010,Fine Particulate Matter,2020-01-27,3,3,3,3,3,3,3,3,2,2,2,2,2,2,2,3,2,2,2,2,2,2,2,2,
51010,Fine Particulate Matter,2020-01-28,2,3,3,3,2,2,2,2,2,2,2,2,2,2,2,2,2,3,3,2,2,2,2,2,
51010,Fine Particulate Matter,2020-01-29,2,2,2,2,2,2,2,2,2,2,2,2,2,2,2,2,2,2,2,2,2,2,2,2,
51010,Fine Particulate Matter,2020-01-30,2,2,2,2,2,1,1,2,2,3,9999,9999,5,5,5,5,5,5,5,6,7,7,7,6,
51010,Fine Particulate Matter,2020-01-31,6,7,6,6,6,6,5,5,6,6,9,8,8,7,6,5,6,7,9,10,10,10,11,12,
51010,Fine Particulate Matter,2020-02-01,12,12,12,11,11,12,12,13,12,13,13,13,13,13,13,12,11,9,9,9,9,10,10,10,
51010,Fine Particulate Matter,2020-02-02,11,12,12,12,12,12,11,11,13,13,13,12,11,11,10,10,9,9,9,9,9,10,10,10,
51010,Fine Particulate Matter,2020-02-03,11,12,13,13,13,12,12,10,11,6,5,5,4,4,3,3,2,2,2,2,2,2,2,2,
51010,Fine Particulate Matter,2020-02-04,2,2,2,2,3,3,3,2,3,3,3,3,2,2,2,2,2,2,2,3,2,2,2,2,
51010,Fine Particulate Matter,2020-02-05,2,3,3,3,3,2,2,2,2,2,2,2,2,2,2,2,2,2,2,3,3,3,3,3,
51010,Fine Particulate Matter,2020-02-06,2,2,3,3,3,3,3,3,4,5,4,4,4,4,4,3,5,6,6,5,4,4,3,3,
51010,Fine Particulate Matter,2020-02-07,4,5,4,4,4,3,3,3,4,4,4,4,3,3,3,3,3,4,3,4,4,3,3,3,
51010,Fine Particulate Matter,2020-02-08,3,4,3,3,3,3,3,3,2,2,2,2,2,2,2,2,3,5,4,4,4,4,4,4,
51010,Fine Particulate Matter,2020-02-09,4,6,6,6,5,5,6,7,6,6,6,6,5,5,5,4,4,4,5,5,6,6,6,6,
51010,Fine Particulate Matter,2020-02-10,6,6,7,7,7,6,7,7,8,8,7,7,7,7,7,7,7,8,7,7,7,6,6,5,
51010,Fine Particulate Matter,2020-02-11,5,5,5,4,4,4,4,4,4,4,3,3,3,2,2,2,3,3,4,4,4,4,4,4,
51010,Fine Particulate Matter,2020-02-12,5,5,4,4,4,4,4,3,3,3,3,4,4,4,4,4,5,6,6,7,8,8,7,8,
51010,Fine Particulate Matter,2020-02-13,7,8,8,9,8,4,4,4,4,4,4,4,4,3,3,3,3,3,3,4,3,3,3,3,
51010,Fine Particulate Matter,2020-02-14,3,3,3,3,3,3,3,3,3,3,2,2,3,2,2,2,2,2,2,3,3,4,4,4,
51010,Fine Particulate Matter,2020-02-15,3,3,4,4,4,4,3,3,3,4,4,3,3,3,2,2,3,3,3,4,4,4,4,4,
51010,Fine Particulate Matter,2020-02-16,5,5,5,5,5,5,5,5,5,5,5,5,5,5,5,5,5,5,4,4,4,4,4,4,
51010,Fine Particulate Matter,2020-02-17,4,4,4,4,4,4,3,2,3,5,4,4,3,3,3,3,3,4,4,4,4,4,4,5,
51010,Fine Particulate Matter,2020-02-18,5,5,5,5,5,5,5,4,4,5,5,6,6,6,6,6,6,4,4,4,4,4,4,4,
51010,Fine Particulate Matter,2020-02-19,4,4,4,4,3,3,3,3,2,2,2,2,2,2,2,2,2,2,2,2,2,2,2,2,
51010,Fine Particulate Matter,2020-02-20,3,3,3,3,3,3,3,3,3,3,3,2,2,2,2,2,2,2,3,3,3,3,2,2,
51010,Fine Particulate Matter,2020-02-21,2,2,2,2,4,4,4,5,6,5,5,4,3,3,2,3,3,4,4,4,5,5,5,5,
51010,Fine Particulate Matter,2020-02-22,5,6,6,6,6,7,7,7,7,7,8,8,7,7,7,7,7,8,9,8,8,8,8,8,
51010,Fine Particulate Matter,2020-02-23,9,9,9,10,11,11,11,11,11,12,13,13,12,11,10,8,8,7,8,8,9,9,9,8,
51010,Fine Particulate Matter,2020-02-24,7,7,7,8,8,7,8,8,7,8,5,5,4,4,4,4,4,4,4,4,4,4,4,4,
51010,Fine Particulate Matter,2020-02-25,4,5,5,5,5,5,5,5,5,5,4,4,3,3,3,3,3,3,3,3,3,3,3,2,
51010,Fine Particulate Matter,2020-02-26,2,2,2,2,2,2,2,2,2,2,2,2,2,2,2,2,3,3,3,3,3,2,2,3,
51010,Fine Particulate Matter,2020-02-27,3,3,3,3,3,2,2,2,3,4,4,4,4,3,3,3,3,3,3,3,3,3,3,3,
51010,Fine Particulate Matter,2020-02-28,3,3,3,3,3,3,3,3,4,4,4,4,4,4,4,4,5,5,5,5,5,5,5,4,
51010,Fine Particulate Matter,2020-02-29,3,3,3,3,3,3,3,3,3,3,3,3,3,3,2,2,3,4,5,5,4,4,4,4,
51010,Fine Particulate Matter,2020-03-01,4,4,4,4,4,4,4,4,6,7,5,4,4,3,3,3,3,4,4,4,4,4,4,4,
51010,Fine Particulate Matter,2020-03-02,5,5,6,5,5,5,5,5,4,4,4,4,4,4,4,4,5,5,4,4,4,4,4,4,
51010,Fine Particulate Matter,2020-03-03,4,3,3,3,3,3,3,2,3,2,2,2,2,2,2,3,3,4,5,5,4,4,4,4,
51010,Fine Particulate Matter,2020-03-04,4,4,4,4,4,4,4,3,4,4,4,4,4,3,3,3,3,3,3,3,3,3,3,3,
51010,Fine Particulate Matter,2020-03-05,3,3,3,3,3,2,2,2,3,4,4,3,3,3,2,3,3,4,4,4,4,4,3,3,
51010,Fine Particulate Matter,2020-03-06,4,4,4,4,3,3,3,3,3,3,3,3,2,2,2,2,3,3,3,3,3,3,3,3,
51010,Fine Particulate Matter,2020-03-07,3,3,3,3,3,3,2,2,2,2,2,2,2,2,2,2,3,3,4,4,4,4,4,3,
51010,Fine Particulate Matter,2020-03-08,3,3,-999,-999,3,3,3,3,4,4,3,3,3,4,4,4,6,7,8,8,8,7,7,7,
51010,Fine Particulate Matter,2020-03-09,8,8,9,8,9,8,8,7,7,7,6,6,6,7,7,7,7,7,7,7,8,8,8,9,
51010,Fine Particulate Matter,2020-03-10,11,11,9,8,8,7,7,6,6,5,4,4,5,5,5,5,7,7,7,7,6,6,5,5,
51010,Fine Particulate Matter,2020-03-11,5,6,5,5,5,4,4,4,4,4,4,4,3,3,3,3,4,5,5,5,5,4,4,4,
51010,Fine Particulate Matter,2020-03-12,5,6,6,6,6,6,6,5,5,5,4,4,4,4,5,5,6,7,8,8,9,8,9,9,
51010,Fine Particulate Matter,2020-03-13,7,6,6,7,8,7,7,5,5,4,4,3,3,3,3,3,4,4,4,4,4,4,4,3,
51010,Fine Particulate Matter,2020-03-14,3,3,3,3,2,2,2,2,2,2,2,2,2,2,2,2,3,4,4,4,4,4,4,3,
51010,Fine Particulate Matter,2020-03-15,4,4,4,4,3,3,3,3,3,2,2,2,2,2,2,2,3,4,4,4,4,4,3,3,
51010,Fine Particulate Matter,2020-03-16,3,4,4,3,3,3,3,3,3,3,2,3,3,3,3,2,3,4,4,5,5,5,5,5,
51010,Fine Particulate Matter,2020-03-17,6,6,7,6,6,6,6,6,7,7,5,4,4,4,4,3,3,3,3,4,4,4,3,3,
51010,Fine Particulate Matter,2020-03-18,3,4,4,4,4,4,4,3,3,3,2,2,2,2,3,3,4,5,5,5,5,5,5,5,
51010,Fine Particulate Matter,2020-03-19,5,6,6,7,6,5,5,5,4,5,5,6,9,8,8,8,7,7,9,9,8,7,8,8,
51010,Fine Particulate Matter,2020-03-20,12,13,10,7,7,10,10,10,10,10,9,10,9,9,8,8,9,9,8,7,6,5,5,4,
51010,Fine Particulate Matter,2020-03-21,5,5,5,5,4,4,4,4,3,2,2,2,2,2,2,2,2,2,3,3,4,4,4,3,
51010,Fine Particulate Matter,2020-03-22,6,7,6,5,4,4,3,4,3,2,2,2,2,2,2,2,2,3,4,4,4,4,4,3,
51010,Fine Particulate Matter,2020-03-23,3,4,4,4,4,4,4,4,4,5,6,6,6,6,5,5,5,6,6,5,5,5,5,6,
51010,Fine Particulate Matter,2020-03-24,7,7,7,7,8,6,6,6,6,6,5,5,5,4,4,5,6,7,7,8,8,7,8,8,
51010,Fine Particulate Matter,2020-03-25,8,8,7,8,7,7,7,7,7,7,6,5,5,6,5,5,5,5,6,6,6,5,5,6,
51010,Fine Particulate Matter,2020-03-26,6,6,6,6,6,6,7,6,7,7,8,8,9,7,4,4,4,5,5,4,4,4,3,3,
51010,Fine Particulate Matter,2020-03-27,4,4,4,4,4,3,4,3,4,5,4,3,3,3,3,3,3,3,4,4,4,4,4,4,
51010,Fine Particulate Matter,2020-03-28,4,5,5,4,4,4,4,4,3,2,2,2,2,2,2,2,2,2,3,3,4,4,4,4,
51010,Fine Particulate Matter,2020-03-29,3,3,3,3,4,4,4,4,4,4,4,3,3,2,2,2,2,2,2,2,2,2,2,2,
51010,Fine Particulate Matter,2020-03-30,2,2,2,2,2,2,2,2,2,2,2,2,2,2,2,3,3,3,3,3,3,3,2,2,
51010,Fine Particulate Matter,2020-03-31,3,3,2,2,2,2,2,2,2,2,2,2,2,2,3,3,3,3,3,3,3,3,3,3,
51010,Fine Particulate Matter,2020-04-01,4,5,5,5,4,4,4,4,5,4,3,2,2,2,3,3,4,5,5,5,5,5,5,4,
51010,Fine Particulate Matter,2020-04-02,5,5,5,5,4,4,4,3,2,2,2,2,2,2,3,3,2,2,3,3,3,3,3,3,
51010,Fine Particulate Matter,2020-04-03,3,4,3,3,3,3,3,2,3,3,3,3,2,2,2,2,2,3,3,3,3,3,2,2,
51010,Fine Particulate Matter,2020-04-04,2,2,2,2,2,2,2,2,2,2,2,2,2,3,3,3,3,3,3,3,3,3,3,3,
51010,Fine Particulate Matter,2020-04-05,3,3,3,3,3,3,2,2,2,2,2,2,2,2,2,2,2,2,2,2,3,3,3,3,
51010,Fine Particulate Matter,2020-04-06,2,2,2,2,2,2,2,2,2,2,2,3,3,3,3,3,4,5,5,5,5,5,5,4,
51010,Fine Particulate Matter,2020-04-07,5,5,5,5,5,5,4,4,4,4,3,3,3,3,3,3,3,4,5,5,5,4,4,4,
51010,Fine Particulate Matter,2020-04-08,4,5,4,4,4,4,3,3,4,4,4,4,3,4,4,4,4,5,5,5,5,4,4,4,
51010,Fine Particulate Matter,2020-04-09,4,4,4,4,4,4,4,3,4,4,4,4,4,3,3,3,4,4,4,4,4,3,3,3,
51010,Fine Particulate Matter,2020-04-10,3,3,2,2,2,2,2,2,2,2,2,2,2,2,2,2,2,2,2,2,2,2,2,2,
51010,Fine Particulate Matter,2020-04-11,3,3,3,3,3,3,2,2,2,2,2,2,2,2,3,3,3,3,3,3,4,3,3,3,
51010,Fine Particulate Matter,2020-04-12,3,3,4,3,4,4,3,3,3,3,4,4,5,6,6,7,6,6,6,6,6,6,6,6,
51010,Fine Particulate Matter,2020-04-13,6,7,7,7,7,7,7,6,4,3,2,2,2,3,3,3,5,5,4,4,3,3,3,3,
51010,Fine Particulate Matter,2020-04-14,3,3,3,3,3,3,2,2,2,3,2,2,2,2,2,2,3,4,4,5,5,4,4,4,
51010,Fine Particulate Matter,2020-04-15,4,4,4,4,3,3,3,2,2,2,2,2,2,2,2,2,2,2,3,3,3,3,3,2,
51010,Fine Particulate Matter,2020-04-16,3,3,3,3,3,2,3,2,2,2,2,2,2,2,2,2,3,3,3,4,4,4,4,4,
51010,Fine Particulate Matter,2020-04-17,4,4,4,4,4,4,4,3,2,2,2,2,2,2,2,2,2,3,3,4,4,4,4,4,
51010,Fine Particulate Matter,2020-04-18,6,7,6,6,6,6,6,6,6,5,4,4,3,3,3,4,4,5,6,6,6,6,6,6,
51010,Fine Particulate Matter,2020-04-19,6,8,7,9,9,9,9,9,9,8,7,6,6,5,5,5,6,6,6,6,5,5,5,5,
51010,Fine Particulate Matter,2020-04-20,5,4,5,4,4,4,4,3,2,2,2,2,2,2,2,3,3,2,2,3,3,3,3,3,
51010,Fine Particulate Matter,2020-04-21,3,4,4,4,4,4,4,4,3,3,3,3,3,2,2,3,2,2,2,2,3,3,2,2,
51010,Fine Particulate Matter,2020-04-22,2,2,2,2,2,2,2,2,2,3,3,3,2,2,2,2,4,5,5,6,5,5,5,4,
51010,Fine Particulate Matter,2020-04-23,4,4,4,4,4,4,4,3,3,3,2,2,2,2,2,2,3,2,2,2,3,3,3,3,
51010,Fine Particulate Matter,2020-04-24,3,3,3,3,3,3,2,2,2,3,2,2,2,2,2,3,3,3,3,4,4,4,4,4,
51010,Fine Particulate Matter,2020-04-25,4,4,4,4,4,4,4,3,3,3,3,3,3,3,3,3,4,4,5,5,5,5,5,5,
51010,Fine Particulate Matter,2020-04-26,5,5,5,5,4,4,4,4,3,3,3,3,3,3,3,3,2,2,2,3,3,3,3,3,
51010,Fine Particulate Matter,2020-04-27,3,3,3,3,3,3,3,2,3,2,2,2,2,2,3,3,3,3,3,10,10,10,9,6,
51010,Fine Particulate Matter,2020-04-28,5,5,5,5,5,5,5,4,4,4,4,4,4,4,4,4,5,6,6,6,6,6,6,5,
51010,Fine Particulate Matter,2020-04-29,5,5,6,5,5,5,4,4,4,4,4,4,4,4,4,4,4,5,5,5,5,5,5,5,
51010,Fine Particulate Matter,2020-04-30,5,5,6,6,6,6,5,4,3,3,3,3,2,2,2,3,4,3,3,3,3,3,3,3,
51010,Fine Particulate Matter,2020-05-01,3,3,3,3,3,3,3,3,3,3,3,2,2,9999,9999,9999,9999,9999,9999,9999,9999,9999,9999,9999,
51010,Fine Particulate Matter,2020-05-02,9999,9999,9999,9999,9999,9999,9999,9,8,8,8,7,7,7,7,7,7,7,7,8,7,6,6,6,
51010,Fine Particulate Matter,2020-05-03,5,5,5,5,5,5,5,3,4,4,3,3,3,3,3,4,5,6,6,5,5,4,3,3,
51010,Fine Particulate Matter,2020-05-04,3,3,3,3,3,2,2,2,2,2,2,2,2,2,2,2,2,3,3,3,3,3,3,3,
51010,Fine Particulate Matter,2020-05-05,3,3,3,3,3,3,2,2,2,2,2,2,2,2,3,3,3,3,3,3,3,3,3,3,
51010,Fine Particulate Matter,2020-05-06,3,4,3,3,3,3,3,2,2,2,2,3,3,3,3,3,3,3,4,4,4,4,4,4,
51010,Fine Particulate Matter,2020-05-07,4,5,5,4,4,4,3,3,3,3,3,3,3,3,2,2,3,4,4,4,5,5,4,3,
51010,Fine Particulate Matter,2020-05-08,3,2,2,2,2,2,2,2,2,2,2,2,2,2,2,2,2,2,2,3,2,2,2,2,
51010,Fine Particulate Matter,2020-05-09,2,2,2,2,2,2,2,2,2,2,2,2,2,2,2,2,2,2,2,2,2,2,2,2,
51010,Fine Particulate Matter,2020-05-10,2,2,2,2,2,2,2,2,2,2,2,2,2,2,2,3,3,3,3,3,4,3,3,2,
51010,Fine Particulate Matter,2020-05-11,2,2,2,2,2,2,2,2,2,2,2,2,2,2,2,3,3,2,3,3,3,4,4,4,
51010,Fine Particulate Matter,2020-05-12,3,3,3,3,3,3,3,2,2,2,2,2,2,3,3,3,2,2,2,2,2,3,3,3,
51010,Fine Particulate Matter,2020-05-13,3,3,3,3,3,3,3,2,2,3,2,2,3,3,3,3,3,3,3,3,4,4,4,4,
51010,Fine Particulate Matter,2020-05-14,4,4,4,4,4,3,3,3,2,2,2,3,3,3,4,4,4,5,5,5,5,5,5,5,
51010,Fine Particulate Matter,2020-05-15,5,5,5,4,4,4,4,4,4,4,4,5,6,6,5,4,4,4,3,3,5,5,5,5,
51010,Fine Particulate Matter,2020-05-16,5,4,4,4,4,4,4,3,3,3,3,3,3,3,3,3,3,3,3,3,4,5,5,5,
51010,Fine Particulate Matter,2020-05-17,5,6,6,5,5,5,4,4,3,3,3,3,3,3,3,3,3,3,3,3,3,3,4,4,
51010,Fine Particulate Matter,2020-05-18,4,4,4,4,4,4,3,3,3,3,3,3,3,3,3,3,3,3,3,3,3,3,3,3,
51010,Fine Particulate Matter,2020-05-19,3,3,3,3,3,3,3,3,3,3,3,3,3,3,3,3,3,3,3,3,3,4,5,5,
51010,Fine Particulate Matter,2020-05-20,5,6,6,5,5,6,5,4,4,3,3,3,3,3,3,3,3,4,5,5,5,5,5,5,
51010,Fine Particulate Matter,2020-05-21,6,7,7,7,7,7,6,5,4,3,3,3,3,3,3,3,3,3,4,4,5,5,6,6,
51010,Fine Particulate Matter,2020-05-22,6,6,6,6,6,6,6,4,3,3,3,3,3,3,3,3,3,4,4,5,6,6,7,7,
51010,Fine Particulate Matter,2020-05-23,9,9,8,8,8,7,6,5,5,6,5,5,4,4,4,4,5,6,6,7,7,7,8,8,
51010,Fine Particulate Matter,2020-05-24,9,9,9,9,9,8,7,6,7,7,6,6,6,7,7,7,8,8,7,7,6,3,2,3,
51010,Fine Particulate Matter,2020-05-25,3,4,5,5,4,3,3,4,4,3,4,5,7,9,9,7,7,8,9,10,11,11,12,12,
51010,Fine Particulate Matter,2020-05-26,12,13,14,15,15,11,7,3,5,5,6,6,11,13,9,2,3,4,5,6,6,8,9,10,
51010,Fine Particulate Matter,2020-05-27,10,9,11,11,12,10,7,5,8,9,15,16,15,14,13,13,12,11,11,10,9,7,8,8,
51010,Fine Particulate Matter,2020-05-28,10,11,12,11,11,10,9,9,9,9,10,10,11,11,9,8,8,5,3,6,8,8,8,7,
51010,Fine Particulate Matter,2020-05-29,6,6,6,6,5,4,3,3,3,5,7,9,9,8,3,3,4,5,7,8,6,5,4,3,
51010,Fine Particulate Matter,2020-05-30,2,2,2,2,2,2,2,1,2,2,2,2,2,2,2,2,2,2,2,2,2,2,2,2,
51010,Fine Particulate Matter,2020-05-31,3,4,4,3,3,3,2,2,2,2,2,2,2,2,2,2,2,3,3,3,3,3,3,3,
51010,Fine Particulate Matter,2020-06-01,3,3,3,3,2,2,2,2,3,3,3,3,2,2,3,3,3,3,3,3,4,4,4,4,
51010,Fine Particulate Matter,2020-06-02,5,5,5,5,5,4,4,3,3,3,3,3,3,3,4,3,4,5,5,6,6,7,7,7,
51010,Fine Particulate Matter,2020-06-03,6,6,6,5,5,5,5,5,5,5,4,4,5,4,5,3,2,3,4,7,6,6,5,4,
51010,Fine Particulate Matter,2020-06-04,3,3,4,3,4,5,2,2,5,5,4,3,2,2,2,2,2,2,3,3,4,4,4,4,
51010,Fine Particulate Matter,2020-06-05,4,4,4,4,4,4,2,2,2,4,5,5,4,4,5,5,6,6,4,8,9,8,8,7,
51010,Fine Particulate Matter,2020-06-06,7,7,8,8,7,6,6,6,6,7,7,7,6,6,6,5,5,5,5,5,5,5,5,5,
51010,Fine Particulate Matter,2020-06-07,4,3,3,3,3,3,2,2,2,2,2,2,2,2,2,2,2,2,2,3,3,3,4,3,
51010,Fine Particulate Matter,2020-06-08,5,5,5,5,4,4,4,3,2,2,2,2,2,2,2,3,3,3,4,4,5,5,5,5,
51010,Fine Particulate Matter,2020-06-09,4,4,4,3,4,4,3,3,3,3,3,4,3,3,2,3,4,5,6,6,6,6,6,5,
51010,Fine Particulate Matter,2020-06-10,5,6,5,5,5,7,7,7,6,4,6,6,5,5,5,3,3,3,5,7,10,12,13,11,
51010,Fine Particulate Matter,2020-06-11,10,9,8,8,7,7,6,8,8,8,6,4,4,3,3,3,3,2,3,3,3,3,3,3,
51010,Fine Particulate Matter,2020-06-12,3,3,3,2,2,2,2,2,2,3,3,3,3,2,2,2,2,2,3,2,2,2,2,2,
51010,Fine Particulate Matter,2020-06-13,2,3,3,3,3,2,2,2,2,2,2,2,2,2,2,2,2,3,3,3,3,3,3,3,
51010,Fine Particulate Matter,2020-06-14,3,4,4,4,4,3,3,2,2,2,2,2,3,3,3,3,3,4,5,5,6,5,6,5,
51010,Fine Particulate Matter,2020-06-15,5,5,5,5,4,4,4,3,3,9999,9999,9999,9999,9999,9999,9999,9999,9999,9,9,9,9,8,8,
51010,Fine Particulate Matter,2020-06-16,8,8,8,8,7,7,6,6,6,5,5,5,5,5,5,5,5,5,5,6,6,7,7,7,
51010,Fine Particulate Matter,2020-06-17,8,9,8,8,8,7,5,4,7,7,6,6,6,6,7,7,9,11,11,11,11,11,11,10,
51010,Fine Particulate Matter,2020-06-18,10,9,9,10,10,9,4,4,8,8,7,7,7,7,7,7,7,7,7,8,8,8,8,8,
51010,Fine Particulate Matter,2020-06-19,9,10,10,10,10,8,3,4,7,9,10,10,9,10,11,10,8,8,10,9,7,7,8,13,
51010,Fine Particulate Matter,2020-06-20,13,13,13,13,13,11,11,12,12,11,13,12,13,14,12,12,10,8,9,13,13,11,11,12,
51010,Fine Particulate Matter,2020-06-21,14,15,15,15,15,14,9,7,9,11,12,13,14,12,11,10,9,8,7,6,7,8,10,9,
51010,Fine Particulate Matter,2020-06-22,9,8,8,8,9,9,6,7,8,7,8,8,5,9999,9999,9999,9999,9999,9999,9999,9999,9999,8,8,
51010,Fine Particulate Matter,2020-06-23,7,7,7,7,8,8,7,7,7,7,8,10,10,10,10,8,6,5,6,8,9,8,8,9,
51010,Fine Particulate Matter,2020-06-24,9,8,7,7,11,10,6,5,4,4,4,3,3,2,2,2,2,2,2,2,2,2,2,2,
51010,Fine Particulate Matter,2020-06-25,2,3,3,2,2,2,2,2,2,2,2,2,2,2,2,3,3,3,3,3,4,4,4,4,
51010,Fine Particulate Matter,2020-06-26,4,4,4,4,4,4,3,2,2,2,2,2,4,4,3,3,4,4,5,6,6,7,6,6,
51010,Fine Particulate Matter,2020-06-27,7,7,3,3,4,5,7,6,5,4,5,8,7,6,6,7,6,8,8,6,6,6,6,7,
51010,Fine Particulate Matter,2020-06-28,6,4,3,4,4,4,3,3,3,3,4,5,8,8,7,6,6,5,5,4,3,7,6,5,
51010,Fine Particulate Matter,2020-06-29,5,7,6,6,6,5,5,5,4,6,7,6,5,5,5,5,4,4,4,3,4,5,4,5,
51010,Fine Particulate Matter,2020-06-30,6,7,6,7,7,9999,9999,9999,9999,9999,9999,9999,9999,9999,9999,9999,9999,9999,9999,9999,9999,11,11,11,
51010,Fine Particulate Matter,2020-07-01,11,12,11,10,9,8,6,5,7,9,8,9,8,7,7,6,6,5,5,4,7,7,6,7,
51010,Fine Particulate Matter,2020-07-02,8,9,8,11,12,11,9,8,7,7,9,9,12,14,12,10,9,5,5,5,7,9,9,8,
51010,Fine Particulate Matter,2020-07-03,9,10,10,11,11,10,8,9,8,7,8,11,14,12,9,8,7,9,8,7,7,7,6,6,
51010,Fine Particulate Matter,2020-07-04,6,6,6,5,5,5,5,4,4,4,4,4,4,4,4,4,4,5,5,5,5,5,5,5,
51010,Fine Particulate Matter,2020-07-05,5,4,2,4,5,5,2,3,3,4,5,6,7,8,7,6,6,7,7,6,4,6,7,9,
51010,Fine Particulate Matter,2020-07-06,13,12,10,9,8,7,3,3,4,5,6,6,5,4,4,4,4,4,4,5,5,5,4,5,
51010,Fine Particulate Matter,2020-07-07,5,5,5,7,7,6,5,4,4,4,4,7,11,11,7,9999,9999,9999,9999,9999,9999,9999,9999,9999,
51010,Fine Particulate Matter,2020-07-08,9999,9999,9999,9999,9999,9999,9999,9999,9999,9999,9999,9999,9999,9999,9999,9999,9999,9999,9999,9999,9999,9999,9999,6,
51010,Fine Particulate Matter,2020-07-09,5,6,7,6,7,10,5,8,8,5,6,10,9,8,7,6,6,4,3,7,7,9,6,5,
51010,Fine Particulate Matter,2020-07-10,4,4,5,5,6,7,5,5,5,5,4,4,5,7,10,6,6,3,4,5,9,13,13,13,
51010,Fine Particulate Matter,2020-07-11,12,12,11,10,9,9,7,8,7,7,9,8,8,8,8,9999,9999,9999,9999,9999,9999,9999,9999,4,
51010,Fine Particulate Matter,2020-07-12,3,3,3,5,5,6,5,5,4,3,3,3,3,4,3,3,3,3,3,3,3,3,3,3,
51010,Fine Particulate Matter,2020-07-13,3,4,3,3,3,5,5,9999,9999,-999,-999,9999,1,1,3,3,2,2,2,2,3,3,4,4,
51010,Fine Particulate Matter,2020-07-14,4,5,4,5,5,5,4,3,2,2,2,2,5,5,5,3,2,4,4,3,2,2,3,3,
51010,Fine Particulate Matter,2020-07-15,4,4,5,5,5,4,6,7,5,4,4,3,3,3,3,2,2,2,4,4,6,7,7,6,
51010,Fine Particulate Matter,2020-07-16,5,5,4,3,3,5,5,4,3,3,3,2,3,3,4,5,4,3,4,4,5,5,6,5,
51010,Fine Particulate Matter,2020-07-17,4,4,5,4,4,5,5,6,7,5,5,6,7,10,11,8,4,3,3,2,2,3,4,3,
51010,Fine Particulate Matter,2020-07-18,2,2,3,3,4,5,3,3,3,2,2,5,11,9,3,2,2,2,2,2,2,3,2,3,
51010,Fine Particulate Matter,2020-07-19,3,3,4,4,5,5,5,6,6,6,7,7,9999,9999,6,5,3,3,3,3,3,3,3,4,
51010,Fine Particulate Matter,2020-07-20,5,6,6,7,6,7,5,5,7,6,5,6,6,4,3,2,2,2,2,2,4,4,3,2,
51010,Fine Particulate Matter,2020-07-21,1,1,1,1,1,0,1,2,3,2,0,9999,9999,9999,0,1,1,2,3,4,5,6,7,6,
51010,Fine Particulate Matter,2020-07-22,5,5,4,5,6,4,3,4,6,5,4,4,4,3,3,3,4,4,4,5,5,6,6,6,
51010,Fine Particulate Matter,2020-07-23,6,6,7,7,6,5,4,4,5,4,3,3,3,3,3,3,3,3,3,2,2,3,3,2,
51010,Fine Particulate Matter,2020-07-24,2,2,2,2,2,2,2,2,4,4,4,5,5,2,0,0,0,2,7,8,9,12,11,9,
51010,Fine Particulate Matter,2020-07-25,9,8,7,8,7,5,4,4,6,4,5,4,1,1,2,3,4,6,8,9,9,9,7,6,
51010,Fine Particulate Matter,2020-07-26,6,5,5,5,5,6,5,4,4,3,3,4,5,6,7,8,8,7,8,7,7,7,8,8,
51010,Fine Particulate Matter,2020-07-27,8,7,7,8,8,7,7,8,6,3,2,2,2,2,2,3,2,2,2,3,4,3,4,7,
51010,Fine Particulate Matter,2020-07-28,8,5,4,3,2,2,2,2,2,2,3,3,3,1,0,9999,9999,0,0,1,1,2,3,4,
51010,Fine Particulate Matter,2020-07-29,4,4,4,4,4,3,2,3,3,5,5,3,1,1,3,3,4,4,6,6,8,8,7,6,
51010,Fine Particulate Matter,2020-07-30,4,4,4,3,2,2,1,3,3,3,3,3,2,2,2,2,2,1,2,2,3,3,3,3,
51010,Fine Particulate Matter,2020-07-31,2,2,2,2,2,2,2,2,2,2,2,2,2,2,2,2,1,1,2,2,3,3,3,3,
51010,Fine Particulate Matter,2020-08-01,2,3,3,4,4,3,2,2,3,4,4,6,6,3,3,2,2,2,3,3,4,5,4,4,
51010,Fine Particulate Matter,2020-08-02,3,4,4,5,5,6,5,6,5,5,4,4,4,2,2,2,2,2,2,2,2,2,2,2,
51010,Fine Particulate Matter,2020-08-03,1,1,1,1,1,1,1,1,0,0,1,1,1,1,1,2,2,2,2,2,2,3,3,3,
51010,Fine Particulate Matter,2020-08-04,4,4,4,4,3,2,2,2,2,2,3,3,3,3,4,4,4,4,4,4,4,4,3,2,
51010,Fine Particulate Matter,2020-08-05,2,1,1,1,1,1,0,1,1,2,2,1,0,9999,9999,9999,0,0,1,4,5,3,1,1,
51010,Fine Particulate Matter,2020-08-06,1,1,4,6,5,3,3,6,15,14,11,8,5,3,2,2,3,3,3,3,5,8,9,8,
51010,Fine Particulate Matter,2020-08-07,7,7,6,4,3,3,1,3,5,5,5,4,2,2,2,2,3,3,4,4,4,4,5,5,
51010,Fine Particulate Matter,2020-08-08,4,3,3,4,4,3,2,2,4,4,4,3,4,3,4,7,5,3,3,6,9,6,5,5,
51010,Fine Particulate Matter,2020-08-09,5,5,5,4,4,5,5,4,4,4,4,4,5,5,7,8,7,7,6,7,9,9,8,8,
51010,Fine Particulate Matter,2020-08-10,7,5,5,5,5,4,5,4,3,4,5,4,3,4,5,7,8,8,7,7,7,7,7,8,
51010,Fine Particulate Matter,2020-08-11,7,6,7,8,8,9,7,7,8,4,3,2,2,2,2,2,2,2,2,2,4,7,5,4,
51010,Fine Particulate Matter,2020-08-12,3,3,2,2,2,1,1,2,2,2,2,2,2,2,3,3,2,1,2,2,3,4,6,5,
51010,Fine Particulate Matter,2020-08-13,3,2,2,3,4,4,3,3,4,4,4,7,7,6,3,3,2,2,3,4,8,9,8,8,
51010,Fine Particulate Matter,2020-08-14,7,5,5,4,4,4,3,2,3,3,3,2,2,2,2,1,1,1,1,1,2,3,3,3,
51010,Fine Particulate Matter,2020-08-15,3,3,2,2,1,1,1,3,5,6,7,7,7,7,6,6,3,4,5,3,4,7,7,7,
51010,Fine Particulate Matter,2020-08-16,6,6,7,8,7,7,6,5,5,4,6,7,9,9,6,2,1,2,1,2,8,7,7,8,
51010,Fine Particulate Matter,2020-08-17,8,7,7,8,8,9,11,11,13,13,13,15,17,18,15,15,12,11,11,7,6,6,6,5,
51010,Fine Particulate Matter,2020-08-18,4,4,4,3,3,4,4,6,8,5,3,3,3,0,9999,0,4,7,7,9,7,5,4,2,
51010,Fine Particulate Matter,2020-08-19,0,0,9999,9999,9999,9999,0,1,9999,9999,9999,9999,9999,0,3,5,7,5,5,6,7,7,5,2,
51010,Fine Particulate Matter,2020-08-20,1,1,0,0,1,1,2,5,7,8,7,10,9,8,7,5,3,3,3,3,4,4,3,3,
51010,Fine Particulate Matter,2020-08-21,4,4,4,4,3,4,4,4,3,2,1,1,1,1,1,1,1,1,2,2,2,2,2,2,
51010,Fine Particulate Matter,2020-08-22,1,1,1,1,2,3,2,2,4,5,5,5,5,5,5,5,3,4,4,4,4,4,3,3,
51010,Fine Particulate Matter,2020-08-23,2,3,3,3,4,5,4,3,3,3,3,6,5,3,4,5,6,4,5,5,5,6,4,3,
51010,Fine Particulate Matter,2020-08-24,3,4,3,2,3,4,4,4,4,3,3,5,5,4,3,4,3,2,2,3,3,4,5,7,
51010,Fine Particulate Matter,2020-08-25,7,6,7,7,8,6,5,4,3,2,1,1,0,0,0,0,0,0,0,0,0,0,0,0,
51010,Fine Particulate Matter,2020-08-26,0,0,0,0,0,0,0,0,0,0,0,0,0,0,0,1,1,0,0,1,1,1,1,1,
51010,Fine Particulate Matter,2020-08-27,1,1,1,1,1,2,3,3,3,2,1,2,2,2,2,3,4,2,2,2,2,3,3,3,
51010,Fine Particulate Matter,2020-08-28,2,2,3,2,1,1,2,3,4,4,5,5,4,3,3,4,4,4,3,4,5,6,6,5,
51010,Fine Particulate Matter,2020-08-29,3,3,4,4,3,3,2,2,1,1,2,2,2,2,2,3,3,3,4,4,3,3,2,2,
51010,Fine Particulate Matter,2020-08-30,2,2,1,1,1,1,1,1,1,1,1,1,1,1,1,1,1,1,2,2,2,2,2,2,
51010,Fine Particulate Matter,2020-08-31,2,2,1,0,0,9999,9999,0,3,7,11,12,-999,-999,7,6,6,6,5,4,5,5,5,5,
51010,Fine Particulate Matter,2020-09-01,5,5,5,4,4,4,3,3,4,5,6,7,7,5,4,5,5,3,4,6,6,6,6,6,
51010,Fine Particulate Matter,2020-09-02,5,3,2,2,2,2,4,3,3,3,4,5,6,6,5,5,5,6,6,5,4,3,3,3,
51010,Fine Particulate Matter,2020-09-03,3,3,2,2,1,1,1,2,2,2,2,2,2,3,2,1,1,2,2,3,4,4,8,5,
51010,Fine Particulate Matter,2020-09-04,2,2,1,1,1,0,0,1,1,1,1,1,2,2,2,2,2,1,2,4,5,3,2,1,
51010,Fine Particulate Matter,2020-09-05,1,0,0,9999,9999,9999,9999,2,5,4,3,3,4,4,4,5,5,5,5,6,7,5,4,3,
51010,Fine Particulate Matter,2020-09-06,8,8,3,1,0,9999,9999,0,10,22,17,10,9,9,10,10,11,11,12,10,12,12,10,8,
51010,Fine Particulate Matter,2020-09-07,6,6,5,5,3,3,5,8,10,14,16,11,9,12,17,11,6,3,2,1,1,1,1,1,
51010,Fine Particulate Matter,2020-09-08,0,0,0,0,0,0,0,0,2,3,2,2,2,3,3,3,3,3,3,3,3,2,2,2,
51010,Fine Particulate Matter,2020-09-09,2,3,2,2,2,2,2,2,2,2,1,1,1,1,1,1,1,1,1,1,2,2,2,2,
51010,Fine Particulate Matter,2020-09-10,2,2,2,2,1,1,1,2,2,2,2,2,1,1,1,0,0,0,1,1,1,1,0,0,
51010,Fine Particulate Matter,2020-09-11,9999,9999,9999,9999,9999,9999,9999,0,1,2,5,4,3,3,4,5,4,4,3,4,4,4,4,3,
51010,Fine Particulate Matter,2020-09-12,3,4,4,3,2,1,1,2,3,9,13,11,9,7,6,4,3,5,6,5,6,6,7,6,
51010,Fine Particulate Matter,2020-09-13,7,7,5,4,4,4,3,4,3,3,3,3,4,4,7,8,6,5,4,4,5,4,4,3,
51010,Fine Particulate Matter,2020-09-14,4,3,2,1,1,1,1,0,0,0,0,0,1,1,1,1,1,1,1,1,1,0,0,0,
51010,Fine Particulate Matter,2020-09-15,0,0,0,0,0,0,0,0,0,1,2,2,2,1,1,2,3,3,3,4,4,3,3,2,
51010,Fine Particulate Matter,2020-09-16,3,4,5,4,3,3,3,5,5,5,6,4,4,7,8,10,10,9,6,16,14,10,9,7,
51010,Fine Particulate Matter,2020-09-17,4,4,3,2,2,1,1,1,1,1,1,1,1,1,1,1,1,1,1,1,1,1,1,0,
51010,Fine Particulate Matter,2020-09-18,0,0,0,0,0,0,0,0,0,0,0,0,0,1,1,1,1,1,1,1,1,1,1,0,
51010,Fine Particulate Matter,2020-09-19,0,0,0,0,0,9999,9999,0,0,0,0,0,1,1,1,1,1,1,1,2,3,3,2,2,
51010,Fine Particulate Matter,2020-09-20,2,1,1,1,1,0,0,1,2,1,1,2,2,2,2,2,3,4,5,6,6,5,4,3,
51010,Fine Particulate Matter,2020-09-21,3,3,3,3,4,5,6,4,3,5,5,2,2,2,3,3,3,3,4,5,5,4,5,5,
51010,Fine Particulate Matter,2020-09-22,3,3,3,3,3,3,3,2,4,9999,9999,9999,5,3,4,5,5,6,2,2,4,3,4,4,
51010,Fine Particulate Matter,2020-09-23,2,2,3,3,5,6,5,3,4,5,5,9,12,13,10,10,10,7,4,7,8,9,9,9,
51010,Fine Particulate Matter,2020-09-24,8,8,9,9,9,8,7,5,4,5,4,3,2,2,2,2,2,2,3,4,4,2,3,3,
51010,Fine Particulate Matter,2020-09-25,2,1,2,3,3,2,1,2,3,3,3,3,2,3,4,4,5,5,6,7,7,7,7,7,
51010,Fine Particulate Matter,2020-09-26,6,6,6,6,7,7,6,4,3,4,4,5,6,9,14,15,13,15,18,17,17,15,13,12,
51010,Fine Particulate Matter,2020-09-27,11,11,11,11,10,8,7,6,6,7,9,9,9,9,9,9,8,9,12,12,11,10,9,9,
51010,Fine Particulate Matter,2020-09-28,9,9,10,10,10,10,10,9,8,7,7,7,7,7,6,6,5,4,4,5,6,6,6,6,
51010,Fine Particulate Matter,2020-09-29,6,6,5,5,4,3,3,2,1,1,1,2,2,2,2,1,1,1,1,1,1,1,1,1,
51010,Fine Particulate Matter,2020-09-30,2,3,3,2,2,2,2,2,2,2,2,2,2,2,4,3,2,2,2,2,2,2,2,2,
51010,Fine Particulate Matter,2020-10-01,2,3,2,2,2,1,1,2,2,3,5,6,5,3,2,2,3,3,2,2,2,2,2,1,
51010,Fine Particulate Matter,2020-10-02,1,1,1,1,1,1,1,2,1,1,1,1,1,1,1,1,1,2,2,2,2,1,1,1,
51010,Fine Particulate Matter,2020-10-03,1,1,1,1,0,0,0,0,0,0,0,0,1,1,1,1,2,2,2,2,2,2,2,2,
51010,Fine Particulate Matter,2020-10-04,2,1,1,1,1,1,1,1,3,5,6,4,4,4,3,3,4,5,5,5,5,4,4,4,
51010,Fine Particulate Matter,2020-10-05,3,2,2,2,2,2,2,2,3,3,3,2,2,2,2,3,3,4,4,4,3,3,3,3,
51010,Fine Particulate Matter,2020-10-06,2,2,3,2,2,3,3,3,5,13,11,7,7,8,9,10,8,8,10,10,10,10,9,8,
51010,Fine Particulate Matter,2020-10-07,7,6,5,4,3,3,5,5,2,2,4,7,5,3,2,1,1,1,1,1,0,1,1,1,
51010,Fine Particulate Matter,2020-10-08,0,0,0,0,0,0,0,0,0,0,9999,0,0,1,1,1,1,1,1,1,1,0,1,0,
51010,Fine Particulate Matter,2020-10-09,0,0,0,0,9999,9999,9999,9999,0,1,1,1,1,1,1,1,1,2,2,2,2,2,3,3,
51010,Fine Particulate Matter,2020-10-10,5,6,6,7,6,7,5,7,6,7,8,12,15,20,20,9,4,3,2,2,1,1,1,0,
51010,Fine Particulate Matter,2020-10-11,0,0,0,1,1,1,0,1,0,0,0,0,0,0,1,1,1,1,1,2,0,0,0,0,
51010,Fine Particulate Matter,2020-10-12,0,0,0,0,0,0,0,0,0,0,0,1,1,2,2,3,3,4,5,5,4,3,3,4,
51010,Fine Particulate Matter,2020-10-13,4,2,2,3,2,2,2,1,1,1,2,2,3,4,4,4,4,3,4,3,2,2,2,2,
51010,Fine Particulate Matter,2020-10-14,3,3,4,4,4,2,1,0,7,15,13,10,9,9,9,11,13,12,11,10,11,11,9,9,
51010,Fine Particulate Matter,2020-10-15,8,7,5,4,4,4,4,5,5,4,5,6,9,8,8,7,4,3,2,1,1,1,1,0,
51010,Fine Particulate Matter,2020-10-16,0,0,0,1,1,0,1,0,9999,9999,9999,9999,9999,9999,9999,9999,0,0,0,0,9999,9999,9999,9999,
51010,Fine Particulate Matter,2020-10-17,9999,9999,9999,9999,9999,0,2,1,2,3,3,4,4,4,5,5,4,3,3,2,2,2,3,4,
51010,Fine Particulate Matter,2020-10-18,7,10,11,11,10,8,7,5,4,3,2,4,6,6,6,5,5,4,5,5,4,3,3,2,
51010,Fine Particulate Matter,2020-10-19,1,0,0,9999,9999,9999,9999,9999,9999,0,0,0,1,1,1,1,1,1,2,1,2,3,2,1,
51010,Fine Particulate Matter,2020-10-20,1,1,0,0,0,0,0,0,0,0,0,9999,9999,0,0,0,1,1,1,1,1,1,0,0,
51010,Fine Particulate Matter,2020-10-21,0,9999,9999,9999,0,1,0,0,0,1,1,2,2,3,5,7,6,6,6,5,4,3,3,3,
51010,Fine Particulate Matter,2020-10-22,3,4,4,5,6,6,5,5,6,6,5,5,5,5,5,6,6,8,7,6,5,4,4,4,
51010,Fine Particulate Matter,2020-10-23,4,4,3,3,3,3,4,6,7,10,13,11,11,13,15,15,5,6,7,4,4,6,6,5,
51010,Fine Particulate Matter,2020-10-24,5,3,2,1,1,0,0,0,1,0,0,0,0,0,0,0,1,1,1,2,2,1,0,0,
51010,Fine Particulate Matter,2020-10-25,0,0,0,0,0,9999,9999,9999,0,0,9999,9999,9999,9999,9999,9999,0,0,0,0,0,0,0,1,
51010,Fine Particulate Matter,2020-10-26,0,0,0,0,0,0,0,0,0,0,0,0,0,0,0,1,1,1,1,1,0,0,9999,9999,
51010,Fine Particulate Matter,2020-10-27,9999,9999,9999,9999,9999,9999,9999,9999,9999,9999,9999,9999,9999,0,0,0,1,1,1,2,1,1,1,1,
51010,Fine Particulate Matter,2020-10-28,1,1,1,1,1,1,1,1,1,1,1,2,2,2,2,2,3,3,3,4,4,5,4,3,
51010,Fine Particulate Matter,2020-10-29,3,4,5,5,5,5,7,3,4,3,3,3,4,4,4,3,2,2,2,0,0,0,0,0,
51010,Fine Particulate Matter,2020-10-30,0,0,9999,9999,9999,9999,1,0,9999,9999,9999,9999,0,0,0,0,0,0,0,0,0,0,0,0,
51010,Fine Particulate Matter,2020-10-31,0,0,0,0,0,0,0,0,0,0,0,0,0,0,1,2,2,2,2,2,2,4,5,7,
51010,Fine Particulate Matter,2020-11-01,9,9,8,7,7,6,5,4,4,3,3,3,2,2,3,3,2,2,1,1,0,0,0,0,
51010,Fine Particulate Matter,2020-11-02,0,0,1,1,1,0,0,0,0,0,9999,9999,9999,9999,9999,0,0,0,0,0,0,2,0,0,
51010,Fine Particulate Matter,2020-11-03,0,0,9999,9999,9999,9999,9999,9999,9999,9999,9999,9999,9999,9999,9999,9999,9999,9999,9999,0,1,2,1,2,
51010,Fine Particulate Matter,2020-11-04,1,2,2,2,2,2,2,2,3,3,5,7,6,6,5,5,5,5,4,6,7,5,7,8,
51010,Fine Particulate Matter,2020-11-05,7,3,4,6,6,10,7,7,7,3,5,7,6,6,7,8,9,9,9,9,9,9,9,9,
51010,Fine Particulate Matter,2020-11-06,9,10,11,12,12,11,11,11,8,3,3,9,10,12,16,16,16,15,14,12,10,10,10,10,
51010,Fine Particulate Matter,2020-11-07,9,9,9,10,12,12,12,12,8,3,4,6,6,5,5,7,8,8,8,9,9,10,11,11,
51010,Fine Particulate Matter,2020-11-08,12,12,12,12,13,13,15,14,13,10,4,15,16,13,12,12,12,12,11,10,8,8,9,9,
51010,Fine Particulate Matter,2020-11-09,9,10,11,9,6,7,10,10,10,10,9,7,7,7,7,7,7,13,17,11,11,11,11,10,
51010,Fine Particulate Matter,2020-11-10,10,10,9,9,9,9,9,8,7,6,4,2,2,3,2,3,3,5,8,8,9,8,6,6,
51010,Fine Particulate Matter,2020-11-11,6,6,6,6,5,3,3,4,3,4,5,8,8,6,4,4,3,3,2,2,2,2,1,1,
51010,Fine Particulate Matter,2020-11-12,2,2,2,2,2,2,2,2,2,1,1,2,2,2,2,3,4,7,6,8,8,7,7,7,
51010,Fine Particulate Matter,2020-11-13,7,7,6,7,6,6,5,5,7,10,8,9,9,8,5,3,4,5,4,4,3,2,1,2,
51010,Fine Particulate Matter,2020-11-14,3,5,5,4,3,3,3,3,3,4,4,3,4,4,3,3,4,5,4,4,4,6,9,11,
51010,Fine Particulate Matter,2020-11-15,13,10,9,8,8,9,7,6,5,4,4,4,4,5,4,3,3,4,3,2,2,3,1,1,
51010,Fine Particulate Matter,2020-11-16,1,1,0,0,0,0,0,0,0,0,1,1,1,2,2,2,1,1,1,1,1,1,1,1,
51010,Fine Particulate Matter,2020-11-17,1,1,1,1,1,1,0,0,0,0,0,0,0,0,2,3,11,13,7,6,6,5,6,8,
51010,Fine Particulate Matter,2020-11-18,7,6,5,4,4,4,4,4,3,3,3,3,3,3,2,2,4,4,4,5,7,5,4,4,
51010,Fine Particulate Matter,2020-11-19,4,4,4,4,4,4,4,4,4,4,3,3,2,2,2,2,3,4,4,5,6,6,5,5,
51010,Fine Particulate Matter,2020-11-20,4,4,5,5,5,5,5,5,6,7,7,6,5,5,6,7,8,9,9,8,7,5,4,4,
51010,Fine Particulate Matter,2020-11-21,4,4,4,4,3,3,3,3,4,4,4,4,3,3,2,2,2,2,2,2,3,3,4,3,
51010,Fine Particulate Matter,2020-11-22,2,2,2,2,2,2,2,2,2,2,2,2,2,2,2,2,3,3,3,3,3,2,2,3,
51010,Fine Particulate Matter,2020-11-23,3,3,3,3,2,2,2,2,2,2,3,3,2,2,2,2,3,3,4,4,3,3,3,3,
51010,Fine Particulate Matter,2020-11-24,3,3,3,3,3,3,3,3,3,2,2,2,2,2,2,2,2,3,4,5,4,4,4,4,
51010,Fine Particulate Matter,2020-11-25,4,5,5,4,4,4,4,4,3,3,4,4,4,4,5,5,5,5,5,6,7,7,6,4,
51010,Fine Particulate Matter,2020-11-26,3,3,5,6,7,6,7,8,7,7,6,7,8,8,7,7,6,5,6,8,7,7,6,4,
51010,Fine Particulate Matter,2020-11-27,3,2,2,2,2,2,2,2,2,1,2,2,2,2,2,3,2,2,2,2,2,3,2,2,
51010,Fine Particulate Matter,2020-11-28,3,4,3,3,3,3,3,3,3,3,4,3,3,3,2,3,2,2,2,3,2,2,2,2,
51010,Fine Particulate Matter,2020-11-29,2,2,2,2,2,2,2,2,3,4,4,4,4,4,4,4,5,8,10,10,10,9,9,9,
51010,Fine Particulate Matter,2020-11-30,10,10,10,10,10,10,11,10,10,9,8,9,8,8,5,3,3,3,3,3,3,2,2,2,
51010,Fine Particulate Matter,2020-12-01,2,2,1,1,1,1,1,1,1,1,1,1,1,1,1,1,1,2,2,2,2,2,2,2,
51010,Fine Particulate Matter,2020-12-02,2,3,3,3,2,2,2,2,2,3,3,2,2,3,2,2,2,2,2,2,2,2,2,2,
51010,Fine Particulate Matter,2020-12-03,2,2,2,2,2,2,3,3,3,3,3,2,2,2,2,2,2,2,3,2,3,4,6,8,
51010,Fine Particulate Matter,2020-12-04,8,7,9,11,12,12,12,12,14,16,15,14,14,15,16,17,15,13,12,11,9,8,12,9,
51010,Fine Particulate Matter,2020-12-05,1,2,1,1,1,1,1,1,1,1,1,1,1,1,1,1,1,1,1,1,1,1,1,1,
51010,Fine Particulate Matter,2020-12-06,1,2,1,1,1,1,1,1,1,2,2,2,2,2,2,2,2,1,1,1,1,2,2,2,
51010,Fine Particulate Matter,2020-12-07,2,1,1,1,1,1,1,1,1,1,1,1,1,2,1,2,2,2,2,3,2,3,3,2,
51010,Fine Particulate Matter,2020-12-08,2,2,1,1,1,1,1,1,1,1,1,1,2,2,2,2,3,5,5,4,3,3,4,4,
51010,Fine Particulate Matter,2020-12-09,4,4,3,4,3,4,5,6,5,5,5,6,5,5,4,4,3,3,3,3,2,2,2,2,
51010,Fine Particulate Matter,2020-12-10,1,1,1,1,1,1,1,1,1,1,1,1,1,1,1,1,1,1,1,1,2,2,2,2,
51010,Fine Particulate Matter,2020-12-11,3,3,3,3,3,4,4,4,4,4,5,4,5,4,5,6,9,9,8,9,6,5,2,2,
51010,Fine Particulate Matter,2020-12-12,1,1,1,1,1,1,1,1,1,1,1,1,1,1,1,1,1,1,1,1,2,4,7,11,
51010,Fine Particulate Matter,2020-12-13,13,12,11,11,12,1,1,1,1,1,1,1,1,1,1,1,1,2,2,2,2,2,2,2,
51010,Fine Particulate Matter,2020-12-14,2,3,3,3,2,2,2,2,2,3,3,3,3,3,3,2,2,2,2,3,3,3,3,3,
51010,Fine Particulate Matter,2020-12-15,2,1,2,2,2,2,3,2,2,2,9999,2,3,3,3,3,3,3,3,4,7,5,4,4,
51010,Fine Particulate Matter,2020-12-16,4,4,4,4,3,4,4,3,3,4,4,4,3,3,3,4,3,3,4,5,4,4,4,7,
51010,Fine Particulate Matter,2020-12-17,6,5,5,5,5,4,4,3,4,4,4,3,2,2,2,2,2,3,5,3,2,2,2,2,
51010,Fine Particulate Matter,2020-12-18,2,1,1,1,1,1,1,1,1,1,2,5,2,2,2,2,3,3,2,2,2,2,3,3,
51010,Fine Particulate Matter,2020-12-19,3,3,3,4,5,7,9,12,11,10,9,8,8,8,7,7,10,11,12,13,12,10,9,10,
51010,Fine Particulate Matter,2020-12-20,9,9,9,8,7,7,7,7,8,9,10,10,10,10,10,10,11,11,10,8,6,6,7,9,
51010,Fine Particulate Matter,2020-12-21,10,10,11,11,10,10,10,10,10,10,10,11,11,12,12,12,12,11,11,11,12,12,12,11,
51010,Fine Particulate Matter,2020-12-22,11,10,9,9,9,9,7,5,2,1,1,1,2,2,1,1,2,2,2,2,2,2,2,2,
51010,Fine Particulate Matter,2020-12-23,2,2,2,2,2,2,2,3,2,2,2,2,1,2,2,2,2,3,3,3,4,3,3,3,
51010,Fine Particulate Matter,2020-12-24,3,4,4,6,9,10,8,6,5,4,4,4,3,1,1,1,2,2,2,2,4,2,3,3,
51010,Fine Particulate Matter,2020-12-25,4,3,3,2,2,1,1,1,1,1,1,1,1,1,1,2,2,2,3,2,2,4,5,5,
51010,Fine Particulate Matter,2020-12-26,5,4,4,3,3,2,2,1,1,1,1,1,1,1,1,1,1,1,1,1,1,1,1,1,
51010,Fine Particulate Matter,2020-12-27,2,2,2,2,2,2,2,2,2,2,2,2,3,1,1,2,2,2,3,3,3,3,3,4,
51010,Fine Particulate Matter,2020-12-28,4,4,4,4,4,4,4,5,5,6,6,6,3,3,3,3,3,2,2,2,2,2,2,1,
51010,Fine Particulate Matter,2020-12-29,1,1,1,1,2,2,2,2,2,2,2,2,2,1,1,1,1,1,1,1,1,1,0,0,
51010,Fine Particulate Matter,2020-12-30,0,0,1,1,2,2,2,3,2,2,2,3,3,2,2,2,3,4,4,5,6,7,2,2,
51010,Fine Particulate Matter,2020-12-31,3,3,3,3,4,4,3,3,2,2,2,2,2,2,2,2,2,3,3,3,3,3,3,3,
51010,Fine Particulate Matter,2021-01-01,3,4,4,5,7,8,10,8,8,8,8,7,7,6,6,5,5,4,5,5,6,6,4,3,
51010,Fine Particulate Matter,2021-01-02,3,3,2,3,3,3,3,3,3,3,3,3,3,3,3,3,3,3,3,3,4,3,3,3,
51010,Fine Particulate Matter,2021-01-03,3,4,4,3,3,3,3,3,2,2,2,3,3,3,2,3,4,5,5,5,5,5,4,4,
51010,Fine Particulate Matter,2021-01-04,4,4,4,4,4,4,4,4,4,4,4,3,3,3,3,3,3,4,5,5,6,5,5,5,
51010,Fine Particulate Matter,2021-01-05,5,5,6,5,5,5,4,4,5,6,4,5,6,8,8,8,7,7,7,7,6,5,4,4,
51010,Fine Particulate Matter,2021-01-06,3,2,2,2,2,2,2,2,2,2,2,2,2,1,1,1,2,2,2,2,2,2,2,3,
51010,Fine Particulate Matter,2021-01-07,3,2,2,3,3,3,3,3,3,3,3,2,2,2,1,2,2,2,2,2,2,2,3,2,
51010,Fine Particulate Matter,2021-01-08,1,1,1,1,1,1,0,0,1,1,1,1,1,1,1,1,2,2,2,1,1,1,1,1,
51010,Fine Particulate Matter,2021-01-09,1,1,1,1,1,1,1,1,1,1,1,2,2,2,2,2,3,3,3,4,3,3,3,4,
51010,Fine Particulate Matter,2021-01-10,3,2,2,2,2,2,2,3,2,2,2,2,2,2,2,2,3,4,5,6,8,7,6,6,
51010,Fine Particulate Matter,2021-01-11,6,6,5,5,5,6,6,5,6,7,7,6,6,6,6,6,5,3,3,4,6,10,13,14,
51010,Fine Particulate Matter,2021-01-12,15,14,13,11,5,4,3,3,3,3,2,2,1,1,1,1,1,1,1,2,3,3,4,5,
51010,Fine Particulate Matter,2021-01-13,7,7,7,7,8,9,10,11,12,13,11,10,8,8,8,9,9,10,11,14,15,15,14,13,
51010,Fine Particulate Matter,2021-01-14,11,11,12,11,12,10,10,10,11,10,15,17,15,15,17,15,12,11,11,12,10,10,9,9,
51010,Fine Particulate Matter,2021-01-15,11,16,17,21,21,21,22,22,19,15,12,10,11,12,13,9,6,5,5,5,7,12,14,15,
51010,Fine Particulate Matter,2021-01-16,14,13,12,11,9,7,6,4,3,2,2,3,2,2,2,3,2,2,2,2,2,2,2,2,
51010,Fine Particulate Matter,2021-01-17,2,2,2,2,2,2,2,1,2,2,2,2,2,1,2,2,3,3,3,3,3,3,3,2,
51010,Fine Particulate Matter,2021-01-18,2,3,2,2,2,2,1,1,2,2,1,1,1,2,2,2,2,1,1,2,3,2,1,1,
51010,Fine Particulate Matter,2021-01-19,1,1,1,1,1,1,1,1,3,5,7,5,3,3,3,3,4,4,5,5,5,6,9,11,
51010,Fine Particulate Matter,2021-01-20,5,3,2,2,2,2,1,1,1,1,1,1,1,1,1,1,1,2,1,1,2,4,3,3,
51010,Fine Particulate Matter,2021-01-21,2,2,2,3,3,2,2,2,3,4,5,5,6,6,6,6,7,7,5,1,1,1,1,1,
51010,Fine Particulate Matter,2021-01-22,2,2,1,2,2,2,2,1,1,1,1,1,1,1,1,1,1,1,1,1,1,1,1,2,
51010,Fine Particulate Matter,2021-01-23,1,1,1,1,1,1,1,1,1,1,1,1,1,1,1,1,1,1,1,1,1,1,1,1,
51010,Fine Particulate Matter,2021-01-24,1,1,1,1,1,1,0,0,0,0,0,1,1,1,1,1,1,1,1,1,1,1,1,1,
51010,Fine Particulate Matter,2021-01-25,1,1,1,2,5,6,5,4,3,4,5,5,4,4,4,4,4,4,4,4,4,5,5,4,
51010,Fine Particulate Matter,2021-01-26,4,4,4,4,6,7,5,4,4,5,3,2,2,2,2,2,2,2,2,3,3,3,3,3,
51010,Fine Particulate Matter,2021-01-27,2,2,2,2,1,1,1,1,1,1,1,1,1,2,2,2,2,2,1,1,1,2,1,1,
51010,Fine Particulate Matter,2021-01-28,1,1,1,1,1,1,0,0,0,0,0,0,0,1,1,1,1,1,1,1,1,0,0,0,
51010,Fine Particulate Matter,2021-01-29,0,0,0,0,0,0,0,0,1,0,1,1,1,1,1,0,1,0,0,0,0,0,0,0,
51010,Fine Particulate Matter,2021-01-30,0,0,1,1,1,1,1,1,1,1,1,1,1,1,1,1,1,1,1,1,1,2,5,5,
51010,Fine Particulate Matter,2021-01-31,2,2,1,1,1,1,0,0,0,3,3,1,1,1,1,1,1,1,1,1,3,2,2,1,
51010,Fine Particulate Matter,2021-02-01,1,1,1,1,0,0,0,0,1,1,2,3,2,2,2,2,2,5,2,2,1,1,1,1,
51010,Fine Particulate Matter,2021-02-02,1,1,1,0,0,0,0,0,0,1,1,1,1,1,1,1,1,1,2,2,2,2,2,2,
51010,Fine Particulate Matter,2021-02-03,2,3,2,2,1,1,1,1,1,1,1,1,1,1,2,2,2,1,1,1,1,1,3,1,
51010,Fine Particulate Matter,2021-02-04,1,1,1,1,1,1,1,1,1,1,1,1,2,2,2,2,2,2,3,5,6,6,5,5,
51010,Fine Particulate Matter,2021-02-05,5,5,5,5,4,4,4,3,3,3,3,3,3,1,3,5,7,9,9,9,10,9,9,9,
51010,Fine Particulate Matter,2021-02-06,9,9,9,9,9,8,8,7,6,5,3,2,2,2,2,2,1,1,1,1,1,1,2,2,
51010,Fine Particulate Matter,2021-02-07,2,3,5,5,5,5,6,6,6,5,5,4,4,3,1,1,1,1,1,1,1,1,1,1,
51010,Fine Particulate Matter,2021-02-08,0,0,0,0,0,0,0,1,1,3,1,1,1,1,1,3,3,3,3,4,4,5,6,6,
51010,Fine Particulate Matter,2021-02-09,4,4,4,4,4,5,5,5,4,4,3,2,2,2,1,1,1,2,3,2,2,1,1,1,
51010,Fine Particulate Matter,2021-02-10,1,1,1,1,1,1,1,1,1,6,2,1,1,1,1,1,2,2,3,3,3,3,3,2,
51010,Fine Particulate Matter,2021-02-11,2,3,3,3,4,4,3,3,3,3,4,3,3,3,2,2,2,2,4,3,6,2,3,4,
51010,Fine Particulate Matter,2021-02-12,2,2,2,2,2,2,2,2,2,2,2,2,1,2,2,1,1,1,2,3,2,2,1,2,
51010,Fine Particulate Matter,2021-02-13,2,1,1,1,1,1,1,1,4,4,3,2,2,2,2,2,2,2,2,2,2,2,5,10,
51010,Fine Particulate Matter,2021-02-14,7,4,2,3,2,2,1,1,1,1,1,2,2,2,1,1,2,2,3,2,2,1,1,1,
51010,Fine Particulate Matter,2021-02-15,1,3,6,6,7,7,6,6,6,5,4,2,2,1,1,2,2,1,2,2,3,4,2,1,
51010,Fine Particulate Matter,2021-02-16,1,1,1,1,1,1,1,1,1,1,1,1,1,1,1,1,1,1,1,1,1,1,1,1,
51010,Fine Particulate Matter,2021-02-17,1,1,1,1,1,1,1,1,1,2,1,1,1,1,1,1,1,1,1,1,1,1,1,1,
51010,Fine Particulate Matter,2021-02-18,1,1,1,1,1,1,1,1,1,1,3,2,2,1,1,1,1,1,1,1,1,2,2,2,
51010,Fine Particulate Matter,2021-02-19,2,3,3,3,3,3,3,3,4,4,4,4,4,3,3,2,3,4,4,4,3,3,3,3,
51010,Fine Particulate Matter,2021-02-20,3,2,2,2,2,2,1,1,3,2,2,2,2,2,2,2,3,4,5,3,3,2,2,2,
51010,Fine Particulate Matter,2021-02-21,2,1,1,3,9,5,4,3,5,6,6,4,4,5,6,5,5,8,7,8,8,10,15,15,
51010,Fine Particulate Matter,2021-02-22,15,16,17,13,11,11,8,7,6,5,5,6,6,7,7,7,6,6,7,7,8,7,5,5,
51010,Fine Particulate Matter,2021-02-23,7,7,7,7,7,7,9,13,19,24,25,22,17,15,13,11,8,7,7,4,3,2,1,1,
51010,Fine Particulate Matter,2021-02-24,1,1,1,1,1,1,1,1,1,1,1,2,2,2,2,1,1,1,1,2,2,2,2,2,
51010,Fine Particulate Matter,2021-02-25,3,3,3,3,2,2,3,3,2,3,3,3,2,2,2,2,2,2,2,2,2,1,1,1,
51010,Fine Particulate Matter,2021-02-26,1,1,1,3,3,5,5,4,5,5,7,5,4,1,1,1,2,2,2,3,3,3,4,4,
51010,Fine Particulate Matter,2021-02-27,5,4,5,5,5,5,6,6,7,7,6,6,5,5,4,4,4,6,6,6,6,8,8,7,
51010,Fine Particulate Matter,2021-02-28,6,7,7,6,7,7,7,8,11,19,19,19,15,8,7,7,9,13,10,6,5,4,4,4,
51010,Fine Particulate Matter,2021-03-01,3,1,1,3,3,2,2,3,3,2,2,2,2,2,2,2,2,2,2,2,1,1,1,1,
51010,Fine Particulate Matter,2021-03-02,1,1,1,1,1,1,1,1,1,1,1,1,1,1,1,1,1,1,2,2,2,2,3,3,
51010,Fine Particulate Matter,2021-03-03,4,5,5,6,6,5,5,5,7,7,8,6,5,5,4,3,3,3,3,3,3,3,3,3,
51010,Fine Particulate Matter,2021-03-04,3,3,2,2,1,1,1,1,1,1,1,1,1,2,2,2,2,2,2,2,2,2,1,1,
51010,Fine Particulate Matter,2021-03-05,1,1,1,1,1,1,1,1,1,1,1,1,1,2,2,2,2,2,2,2,2,3,3,3,
51010,Fine Particulate Matter,2021-03-06,3,3,3,4,4,4,3,2,2,2,1,2,2,2,2,2,2,2,3,3,2,2,4,2,
51010,Fine Particulate Matter,2021-03-07,2,2,2,1,1,2,1,1,1,2,2,2,2,2,2,2,2,2,2,2,2,2,2,1,
51010,Fine Particulate Matter,2021-03-08,4,1,1,1,1,1,1,1,2,2,5,7,5,4,3,2,2,3,3,4,5,6,7,6,
51010,Fine Particulate Matter,2021-03-09,5,7,7,7,6,6,6,6,3,2,2,2,1,1,1,1,1,2,2,2,3,3,4,4,
51010,Fine Particulate Matter,2021-03-10,5,5,5,6,6,7,7,7,7,7,8,9,8,7,5,5,5,6,7,8,8,9,9,10,
51010,Fine Particulate Matter,2021-03-11,11,12,11,12,13,12,12,12,13,11,6,5,6,6,6,5,8,5,4,4,3,3,3,3,
51010,Fine Particulate Matter,2021-03-12,3,3,3,3,3,3,2,2,2,2,1,2,2,2,2,2,2,4,5,5,4,4,3,3,
51010,Fine Particulate Matter,2021-03-13,2,2,2,2,2,2,2,2,2,2,2,2,2,2,2,2,3,3,3,3,3,3,3,3,
51010,Fine Particulate Matter,2021-03-14,3,4,-999,-999,4,4,4,3,2,2,2,2,2,2,2,2,2,3,3,4,3,4,4,4,
51010,Fine Particulate Matter,2021-03-15,4,3,3,4,4,4,4,4,3,2,3,3,3,3,3,2,3,3,4,4,5,4,4,4,
51010,Fine Particulate Matter,2021-03-16,3,3,4,5,5,6,5,7,4,3,3,4,4,3,3,2,2,3,4,5,5,5,5,5,
51010,Fine Particulate Matter,2021-03-17,6,6,7,5,6,7,6,5,8,7,5,4,5,6,9,9,5,8,10,9,8,7,7,7,
51010,Fine Particulate Matter,2021-03-18,7,7,6,5,5,5,4,5,3,2,2,2,2,2,2,2,2,3,4,4,4,4,4,5,
51010,Fine Particulate Matter,2021-03-19,4,4,4,4,3,4,5,4,4,4,3,3,2,2,2,2,2,2,3,4,4,4,3,3,
51010,Fine Particulate Matter,2021-03-20,5,5,5,5,5,5,5,3,4,2,2,2,2,3,3,3,3,3,3,3,3,3,3,3,
51010,Fine Particulate Matter,2021-03-21,3,3,2,3,3,4,3,3,3,3,3,3,3,3,3,3,3,3,3,4,5,4,4,5,
51010,Fine Particulate Matter,2021-03-22,4,4,4,4,4,4,5,4,3,3,2,2,2,2,2,2,4,5,5,6,6,5,5,6,
51010,Fine Particulate Matter,2021-03-23,7,7,8,7,7,7,7,6,5,5,4,4,4,4,4,5,5,6,6,7,7,7,7,7,
51010,Fine Particulate Matter,2021-03-24,7,7,7,7,6,7,9,9,8,7,6,6,5,5,5,2,2,3,2,2,2,2,2,2,
51010,Fine Particulate Matter,2021-03-25,2,2,3,4,4,3,5,2,2,3,10,9,7,6,5,4,5,5,5,5,4,5,5,4,
51010,Fine Particulate Matter,2021-03-26,4,4,4,3,3,2,2,2,2,2,2,1,1,1,1,1,1,2,2,2,2,3,2,2,
51010,Fine Particulate Matter,2021-03-27,3,5,5,4,4,4,5,4,3,2,2,2,2,2,2,2,2,2,3,4,4,4,4,4,
51010,Fine Particulate Matter,2021-03-28,4,4,4,4,4,4,3,3,3,4,7,9,4,2,1,1,1,1,1,1,1,1,1,1,
51010,Fine Particulate Matter,2021-03-29,1,1,1,1,1,1,2,1,1,1,1,1,1,2,2,2,2,2,2,2,3,2,3,4,
51010,Fine Particulate Matter,2021-03-30,4,4,3,2,2,2,2,2,3,2,3,2,2,3,3,3,3,3,3,3,4,4,5,5,
51010,Fine Particulate Matter,2021-03-31,5,5,5,5,5,6,5,4,4,4,4,4,4,5,4,4,5,6,6,6,6,6,5,4,
51010,Fine Particulate Matter,2021-04-01,4,4,4,4,4,4,4,5,4,3,3,2,2,2,2,2,2,2,3,4,4,3,3,3,
51010,Fine Particulate Matter,2021-04-02,3,3,3,3,3,3,3,2,2,2,2,2,2,2,2,2,2,2,3,3,3,3,3,3,
51010,Fine Particulate Matter,2021-04-03,3,3,3,3,3,3,4,5,2,2,2,3,4,5,5,5,4,5,4,5,5,5,6,6,
51010,Fine Particulate Matter,2021-04-04,7,7,7,7,6,6,6,6,8,8,6,5,5,4,5,5,6,6,7,8,8,10,9,9,
51010,Fine Particulate Matter,2021-04-05,9,9,9,8,8,9,8,8,8,7,6,5,4,4,4,4,4,3,4,5,5,6,5,5,
51010,Fine Particulate Matter,2021-04-06,6,6,6,6,5,6,6,5,4,4,3,9999,9999,9999,3,3,3,3,3,3,3,9999,9999,9999,
51010,Fine Particulate Matter,2021-04-07,9999,9999,9999,9999,9999,9999,9999,7,6,6,6,5,5,4,4,4,3,3,3,4,5,5,5,5,
51010,Fine Particulate Matter,2021-04-08,5,6,6,6,7,8,6,3,5,5,5,4,3,3,3,3,3,4,4,4,5,5,5,5,
51010,Fine Particulate Matter,2021-04-09,6,8,8,8,8,7,7,6,5,5,5,4,4,5,3,2,3,4,5,5,6,5,4,4,
51010,Fine Particulate Matter,2021-04-10,7,4,3,4,4,4,5,3,3,3,3,3,3,5,8,9,9,8,8,8,8,8,8,8,
51010,Fine Particulate Matter,2021-04-11,7,7,7,7,7,6,5,6,8,7,7,6,6,6,6,5,5,6,6,5,6,5,5,4,
51010,Fine Particulate Matter,2021-04-12,4,3,3,3,3,2,2,2,3,3,3,3,2,2,2,3,4,4,4,4,4,4,4,4,
51010,Fine Particulate Matter,2021-04-13,4,4,5,5,4,5,5,5,6,7,6,6,5,5,4,3,3,3,2,2,3,4,3,2,
51010,Fine Particulate Matter,2021-04-14,2,4,6,6,5,3,2,2,2,3,3,3,2,3,3,3,3,4,4,4,5,6,3,5,
51010,Fine Particulate Matter,2021-04-15,6,6,5,5,4,4,3,3,3,4,4,3,3,3,3,9999,9999,4,5,5,5,5,5,5,
51010,Fine Particulate Matter,2021-04-16,8,9,9,7,6,6,5,4,4,3,3,3,3,2,2,2,4,5,5,5,5,5,4,4,
51010,Fine Particulate Matter,2021-04-17,4,4,6,6,6,5,5,5,5,4,4,4,3,4,3,3,3,4,4,5,5,5,5,5,
51010,Fine Particulate Matter,2021-04-18,5,6,6,5,5,5,5,4,3,2,2,2,2,3,3,3,3,3,4,4,4,4,4,3,
51010,Fine Particulate Matter,2021-04-19,3,3,3,3,3,3,3,2,2,2,2,2,2,2,2,3,3,3,3,4,5,5,5,3,
51010,Fine Particulate Matter,2021-04-20,3,3,2,2,2,2,2,2,1,1,1,1,1,1,1,1,1,1,2,2,2,3,2,2,
51010,Fine Particulate Matter,2021-04-21,2,2,2,1,1,1,1,1,1,1,1,1,2,2,2,2,3,4,4,4,4,4,3,3,
51010,Fine Particulate Matter,2021-04-22,3,3,2,2,2,2,2,2,2,2,2,2,2,3,3,3,3,3,3,3,4,4,4,3,
51010,Fine Particulate Matter,2021-04-23,3,3,3,3,3,3,3,3,3,3,3,3,3,3,3,3,3,3,4,5,5,6,6,7,
51010,Fine Particulate Matter,2021-04-24,6,6,7,7,7,7,7,6,6,5,5,5,5,6,6,6,5,5,6,7,7,7,7,7,
51010,Fine Particulate Matter,2021-04-25,8,7,7,7,7,7,8,9,7,4,4,4,5,4,4,4,3,3,2,2,2,2,2,2,
51010,Fine Particulate Matter,2021-04-26,2,2,2,3,3,3,3,2,2,2,2,2,2,2,2,2,2,3,3,3,4,4,3,3,
51010,Fine Particulate Matter,2021-04-27,4,5,5,5,4,5,4,3,3,3,3,2,2,2,2,3,3,3,4,4,4,4,4,4,
51010,Fine Particulate Matter,2021-04-28,4,5,8,8,6,6,6,5,4,3,3,3,2,2,4,6,5,2,2,2,2,3,2,3,
51010,Fine Particulate Matter,2021-04-29,4,4,4,4,4,4,3,3,3,5,4,3,3,3,3,3,3,3,3,4,4,5,4,4,
51010,Fine Particulate Matter,2021-04-30,3,2,2,2,3,4,4,4,4,3,4,3,3,2,2,2,2,2,2,2,3,2,3,3,
51010,Fine Particulate Matter,2021-05-01,4,5,5,5,4,4,3,3,2,2,2,2,2,2,3,3,3,3,3,3,3,3,3,3,
51010,Fine Particulate Matter,2021-05-02,5,6,6,5,3,4,5,4,3,3,2,2,2,2,2,2,2,2,2,2,3,3,2,2,
51010,Fine Particulate Matter,2021-05-03,3,4,4,4,4,3,3,2,2,2,2,2,2,2,2,2,2,2,2,2,2,2,2,2,
51010,Fine Particulate Matter,2021-05-04,2,2,2,2,2,2,2,2,2,2,2,2,2,2,2,2,2,2,3,3,3,3,3,2,
51010,Fine Particulate Matter,2021-05-05,2,2,2,2,2,2,2,2,2,3,4,4,3,4,4,4,2,3,3,2,2,2,2,2,
51010,Fine Particulate Matter,2021-05-06,2,2,2,2,2,2,2,2,2,2,2,2,2,2,2,2,2,2,3,3,3,3,3,2,
51010,Fine Particulate Matter,2021-05-07,2,3,3,3,3,3,2,2,2,2,2,2,2,2,3,3,3,3,3,3,3,3,3,3,
51010,Fine Particulate Matter,2021-05-08,3,3,3,3,3,3,3,3,3,3,3,3,2,2,2,2,2,2,2,2,2,2,2,2,
51010,Fine Particulate Matter,2021-05-09,3,3,3,3,3,2,2,2,2,2,3,3,3,3,3,3,3,3,3,3,3,4,3,3,
51010,Fine Particulate Matter,2021-05-10,3,3,3,3,3,3,2,2,2,2,2,2,2,3,2,3,3,3,2,2,3,3,2,2,
51010,Fine Particulate Matter,2021-05-11,2,2,2,2,2,2,2,2,2,1,1,1,1,3,3,3,2,2,2,2,2,2,2,2,
51010,Fine Particulate Matter,2021-05-12,2,2,2,2,2,2,2,2,2,2,3,3,3,3,3,3,3,3,3,3,3,4,4,4,
51010,Fine Particulate Matter,2021-05-13,4,4,4,4,4,4,3,2,2,2,2,2,2,2,3,3,3,3,3,4,4,5,5,5,
51010,Fine Particulate Matter,2021-05-14,5,6,6,6,5,5,4,3,2,2,2,2,2,2,2,3,3,3,3,4,5,5,5,5,
51010,Fine Particulate Matter,2021-05-15,5,6,6,5,5,5,6,4,3,3,3,3,3,4,4,4,5,4,4,5,6,6,6,6,
51010,Fine Particulate Matter,2021-05-16,6,6,6,6,6,6,4,3,5,4,4,4,4,4,4,4,4,5,6,6,7,7,7,7,
51010,Fine Particulate Matter,2021-05-17,8,9,9,9,8,8,8,7,7,6,6,6,7,6,6,6,6,6,7,7,8,6,5,7,
51010,Fine Particulate Matter,2021-05-18,9,8,7,7,8,8,5,6,10,10,8,8,7,7,7,7,7,7,8,8,8,8,8,8,
51010,Fine Particulate Matter,2021-05-19,9,9,9,9,9,8,4,2,5,5,4,4,5,5,6,6,6,6,7,8,8,8,8,8,
51010,Fine Particulate Matter,2021-05-20,9,7,6,8,9,6,5,8,11,9,6,4,3,5,10,10,8,8,11,12,11,12,11,11,
51010,Fine Particulate Matter,2021-05-21,12,10,11,12,12,12,9,11,11,10,10,12,12,16,15,13,11,10,9,8,9,10,11,11,
51010,Fine Particulate Matter,2021-05-22,9,7,7,7,8,7,4,5,8,8,7,7,7,7,8,7,7,6,6,6,6,6,5,5,
51010,Fine Particulate Matter,2021-05-23,6,6,6,5,5,8,7,4,3,2,2,1,1,1,1,1,2,2,3,3,3,3,3,3,
51010,Fine Particulate Matter,2021-05-24,3,3,3,3,3,2,2,2,2,2,2,2,2,2,2,3,3,3,4,4,4,5,5,4,
51010,Fine Particulate Matter,2021-05-25,4,4,4,4,4,3,2,2,3,4,5,7,8,8,11,10,13,15,14,10,10,10,10,8,
51010,Fine Particulate Matter,2021-05-26,9,9,10,9,9,8,4,4,7,8,9,9,8,8,7,7,7,7,7,6,5,4,4,3,
51010,Fine Particulate Matter,2021-05-27,4,3,3,3,2,2,2,2,1,1,1,1,1,1,2,1,1,2,2,2,2,2,2,2,
51010,Fine Particulate Matter,2021-05-28,2,2,2,2,2,2,1,1,1,1,2,2,2,2,2,2,2,2,2,2,2,2,3,3,
51010,Fine Particulate Matter,2021-05-29,3,3,3,3,3,2,2,2,2,2,2,2,3,3,3,3,3,3,3,3,3,3,3,4,
51010,Fine Particulate Matter,2021-05-30,4,4,4,4,4,4,4,2,3,3,3,3,3,3,3,3,4,4,5,5,6,6,6,6,
51010,Fine Particulate Matter,2021-05-31,6,6,6,5,5,5,4,3,4,4,3,3,3,3,3,3,3,3,4,4,4,4,4,4,
51010,Fine Particulate Matter,2021-06-01,4,5,5,5,5,5,4,4,4,3,3,3,3,3,4,3,4,4,5,5,5,6,5,5,
51010,Fine Particulate Matter,2021-06-02,5,6,6,6,5,5,3,2,2,3,4,4,4,4,4,4,3,3,3,4,5,5,5,5,
51010,Fine Particulate Matter,2021-06-03,4,4,4,5,4,2,3,3,4,4,6,7,7,7,8,8,7,6,6,6,6,6,6,6,
51010,Fine Particulate Matter,2021-06-04,5,5,5,7,7,6,3,3,7,8,9,9,9,8,9999,3,4,5,5,9,11,10,10,8,
51010,Fine Particulate Matter,2021-06-05,7,6,6,5,5,4,4,3,5,4,7,9,7,5,4,4,5,7,8,8,8,9,8,7,
51010,Fine Particulate Matter,2021-06-06,7,6,6,6,5,4,2,2,4,5,6,7,9,9,9,9,10,9,8,7,9,7,6,7,
51010,Fine Particulate Matter,2021-06-07,8,8,8,8,8,8,7,7,8,8,7,7,8,8,7,7,7,6,7,6,5,6,7,8,
51010,Fine Particulate Matter,2021-06-08,10,11,11,10,11,10,9,8,7,8,9,9,9,9,9,10,8,11,10,7,7,8,8,10,
51010,Fine Particulate Matter,2021-06-09,10,9,10,10,8,6,4,3,2,2,2,2,2,2,2,2,1,1,1,1,1,1,1,1,
51010,Fine Particulate Matter,2021-06-10,1,2,2,2,2,2,1,1,1,2,2,2,2,2,2,2,4,4,4,4,4,4,2,3,
51010,Fine Particulate Matter,2021-06-11,3,3,4,4,3,2,3,3,4,5,6,6,3,4,4,3,3,3,3,3,4,5,5,5,
51010,Fine Particulate Matter,2021-06-12,5,6,4,6,7,6,2,4,6,5,4,4,4,4,4,4,4,4,4,4,4,4,4,4,
51010,Fine Particulate Matter,2021-06-13,5,5,5,5,5,3,2,2,5,5,5,4,4,4,4,5,5,3,3,3,3,5,8,8,
51010,Fine Particulate Matter,2021-06-14,7,6,6,5,3,2,2,3,5,4,5,5,5,5,4,2,4,6,2,2,2,2,2,2,
51010,Fine Particulate Matter,2021-06-15,2,2,5,7,5,3,2,2,2,2,2,2,2,2,2,2,2,2,2,2,2,2,2,2,
51010,Fine Particulate Matter,2021-06-16,2,3,2,2,2,2,2,2,2,2,2,2,2,2,2,2,3,4,4,4,4,4,4,4,
51010,Fine Particulate Matter,2021-06-17,3,2,2,2,2,2,2,2,2,2,2,2,2,3,3,3,3,3,3,3,4,4,4,4,
51010,Fine Particulate Matter,2021-06-18,3,2,2,3,3,2,2,3,3,4,4,4,5,5,5,6,8,9,9,10,10,10,11,10,
51010,Fine Particulate Matter,2021-06-19,10,9,8,6,6,5,4,4,3,2,2,3,3,2,2,2,3,3,3,3,2,3,4,3,
51010,Fine Particulate Matter,2021-06-20,4,5,4,4,4,4,2,3,3,3,4,6,5,5,4,4,3,3,3,2,2,2,3,3,
51010,Fine Particulate Matter,2021-06-21,4,3,4,4,4,5,5,5,4,3,4,5,8,8,8,4,6,7,7,7,6,4,3,2,
51010,Fine Particulate Matter,2021-06-22,2,2,1,1,1,1,1,1,1,1,1,1,1,1,1,1,1,1,1,1,1,1,2,2,
51010,Fine Particulate Matter,2021-06-23,2,2,2,2,2,2,2,2,2,2,2,2,2,2,2,2,2,2,2,3,3,3,3,3,
51010,Fine Particulate Matter,2021-06-24,4,5,5,5,4,3,2,2,3,3,3,5,7,8,7,7,8,8,8,8,8,4,3,4,
51010,Fine Particulate Matter,2021-06-25,8,8,8,9,8,7,6,5,6,6,7,8,8,9,11,11,10,9,10,11,11,11,10,10,
51010,Fine Particulate Matter,2021-06-26,9,8,8,9,8,5,3,3,3,4,5,6,6,5,6,8,7,6,5,5,6,5,4,3,
51010,Fine Particulate Matter,2021-06-27,3,3,3,3,3,4,4,4,5,5,5,6,6,7,7,7,8,7,8,7,5,4,4,6,
51010,Fine Particulate Matter,2021-06-28,5,3,4,4,3,3,3,3,5,5,5,5,7,8,7,6,5,6,7,7,5,5,7,7,
51010,Fine Particulate Matter,2021-06-29,5,4,4,4,4,4,3,4,5,4,3,3,4,6,6,6,5,4,4,4,6,6,6,5,
51010,Fine Particulate Matter,2021-06-30,5,4,4,5,6,6,5,5,4,3,3,2,3,3,3,4,3,2,2,2,2,2,2,2,
51010,Fine Particulate Matter,2021-07-01,2,2,2,2,3,3,2,2,2,2,1,1,2,2,2,3,3,7,13,9999,-999,-999,17,17,
51010,Fine Particulate Matter,2021-07-02,17,17,16,15,14,14,14,15,16,17,18,19,19,20,22,25,26,12,3,3,3,4,4,3,
51010,Fine Particulate Matter,2021-07-03,2,2,2,2,2,2,2,2,2,2,2,2,2,2,3,3,2,2,3,3,3,5,7,6,
51010,Fine Particulate Matter,2021-07-04,4,4,3,3,2,2,2,2,5,5,5,5,4,3,3,3,3,2,2,2,2,3,3,3,
51010,Fine Particulate Matter,2021-07-05,3,3,3,2,2,3,3,4,5,3,3,3,4,5,6,14,13,14,12,11,10,10,10,10,
51010,Fine Particulate Matter,2021-07-06,10,9,10,10,10,10,10,11,11,12,13,15,14,13,12,10,10,9,5,5,4,3,2,2,
51010,Fine Particulate Matter,2021-07-07,2,2,2,2,2,1,1,1,1,1,1,1,1,1,1,1,1,1,2,2,2,4,4,3,
51010,Fine Particulate Matter,2021-07-08,2,2,2,2,2,2,2,2,2,2,2,3,3,3,3,3,3,3,4,4,4,4,4,3,
51010,Fine Particulate Matter,2021-07-09,3,2,3,3,3,2,2,2,2,2,2,2,2,2,2,2,2,2,3,3,4,6,6,5,
51010,Fine Particulate Matter,2021-07-10,4,3,3,3,2,2,2,2,3,3,5,7,5,4,4,3,3,4,4,2,2,4,4,4,
51010,Fine Particulate Matter,2021-07-11,4,4,4,5,4,3,2,3,3,4,6,7,7,5,2,2,4,3,3,5,7,8,7,7,
51010,Fine Particulate Matter,2021-07-12,7,7,7,7,7,6,3,3,5,6,8,8,6,8,11,13,15,12,9,9,11,11,11,10,
51010,Fine Particulate Matter,2021-07-13,11,11,12,12,12,12,12,12,12,12,11,11,10,10,9,8,7,5,4,3,3,4,4,4,
51010,Fine Particulate Matter,2021-07-14,4,4,4,3,4,5,4,4,4,4,3,3,4,4,4,5,5,4,3,4,5,7,7,7,
51010,Fine Particulate Matter,2021-07-15,7,7,6,6,5,5,4,4,5,5,6,7,7,7,8,7,7,5,4,4,4,5,7,7,
51010,Fine Particulate Matter,2021-07-16,6,5,4,4,6,6,5,4,3,2,2,2,3,2,2,2,2,2,3,4,9,9,8,8,
51010,Fine Particulate Matter,2021-07-17,7,6,6,5,5,4,2,2,3,4,5,4,5,7,8,6,4,5,6,8,11,12,11,10,
51010,Fine Particulate Matter,2021-07-18,9,9,9,10,10,11,9,10,11,12,12,14,17,21,23,24,25,22,24,24,19,19,21,23,
51010,Fine Particulate Matter,2021-07-19,23,24,25,26,27,27,27,27,29,28,28,28,28,28,32,41,41,38,36,36,36,34,30,25,
51010,Fine Particulate Matter,2021-07-20,19,15,16,16,16,17,17,22,23,23,27,30,29,18,11,9,7,6,6,6,5,5,5,4,
51010,Fine Particulate Matter,2021-07-21,4,3,3,3,3,2,1,1,1,2,2,3,4,4,3,2,2,2,2,2,2,2,2,3,
51010,Fine Particulate Matter,2021-07-22,4,4,4,4,3,4,3,2,3,3,3,6,7,8,7,3,3,5,6,9,10,10,9,9,
51010,Fine Particulate Matter,2021-07-23,9,8,6,4,3,3,2,2,2,4,6,8,6,4,4,3,2,2,2,2,2,3,4,4,
51010,Fine Particulate Matter,2021-07-24,6,7,7,6,5,4,2,3,3,4,8,10,9,8,6,4,4,3,5,6,4,3,4,6,
51010,Fine Particulate Matter,2021-07-25,7,7,8,9,9,9,9,8,8,8,9,16,22,26,34,34,31,34,27,22,22,22,21,20,
51010,Fine Particulate Matter,2021-07-26,19,17,18,19,19,16,15,14,19,28,28,21,20,18,19,20,19,17,13,9,7,6,5,4,
51010,Fine Particulate Matter,2021-07-27,4,4,4,3,4,4,4,4,5,4,5,7,6,6,6,6,5,4,4,4,5,5,5,3,
51010,Fine Particulate Matter,2021-07-28,3,2,1,2,2,2,1,2,2,3,4,3,2,2,2,2,2,2,2,2,2,3,2,3,
51010,Fine Particulate Matter,2021-07-29,2,2,3,3,2,2,2,3,3,3,9999,9999,9999,9999,9999,9999,9999,9999,9999,9999,9999,9999,5,5,
51010,Fine Particulate Matter,2021-07-30,4,4,3,3,3,2,1,1,1,1,1,1,1,1,1,1,1,2,2,2,2,2,2,2,
51010,Fine Particulate Matter,2021-07-31,2,2,2,2,2,2,2,2,2,2,2,2,2,2,2,2,2,2,2,3,3,3,3,2,
51010,Fine Particulate Matter,2021-08-01,2,3,3,2,2,3,2,2,3,4,4,5,5,4,4,3,3,4,3,4,4,5,5,4,
51010,Fine Particulate Matter,2021-08-02,3,2,2,2,2,1,1,2,2,2,2,3,2,3,3,4,3,3,3,4,3,5,6,5,
51010,Fine Particulate Matter,2021-08-03,4,4,4,5,4,4,3,2,3,5,9,13,15,19,20,24,26,21,21,21,19,15,12,12,
51010,Fine Particulate Matter,2021-08-04,10,10,9,8,8,7,6,3,5,5,5,6,9,12,13,11,10,9,10,11,13,16,17,16,
51010,Fine Particulate Matter,2021-08-05,15,14,15,14,14,13,10,5,6,7,8,10,15,18,20,21,22,22,25,29,30,32,32,30,
51010,Fine Particulate Matter,2021-08-06,29,27,26,24,22,20,17,14,18,16,15,17,16,16,15,13,12,12,12,14,14,13,12,12,
51010,Fine Particulate Matter,2021-08-07,12,12,13,11,8,10,11,13,14,13,14,15,15,13,13,11,9,8,7,7,6,5,5,5,
51010,Fine Particulate Matter,2021-08-08,4,3,4,4,4,3,4,3,3,3,3,3,4,4,5,6,7,7,8,9,10,11,11,11,
51010,Fine Particulate Matter,2021-08-09,10,9,9,9,10,11,10,10,10,10,10,11,12,13,12,13,12,11,10,11,12,12,13,13,
51010,Fine Particulate Matter,2021-08-10,12,12,12,12,13,13,13,12,12,11,10,10,11,11,12,12,11,11,11,11,11,11,11,11,
51010,Fine Particulate Matter,2021-08-11,10,10,11,11,11,10,7,7,7,6,6,6,7,6,7,6,8,6,5,6,6,6,7,7,
51010,Fine Particulate Matter,2021-08-12,7,6,6,6,6,6,5,4,6,6,6,5,5,5,7,10,7,5,4,4,3,3,4,4,
51010,Fine Particulate Matter,2021-08-13,4,4,4,4,4,5,5,4,4,5,7,10,9,7,6,5,4,4,2,2,2,4,4,3,
51010,Fine Particulate Matter,2021-08-14,2,1,1,1,1,2,2,2,3,4,3,2,2,2,2,2,2,2,2,2,2,2,2,3,
51010,Fine Particulate Matter,2021-08-15,2,2,2,2,2,1,1,2,2,2,3,3,3,2,3,3,3,3,2,2,4,5,5,5,
51010,Fine Particulate Matter,2021-08-16,5,4,4,4,4,3,2,3,3,3,3,3,3,4,4,2,2,2,2,3,4,5,5,5,
51010,Fine Particulate Matter,2021-08-17,4,5,6,6,5,3,2,2,3,4,5,6,4,3,3,4,5,5,6,7,9,10,11,10,
51010,Fine Particulate Matter,2021-08-18,9,8,9,9,9,9,8,8,7,6,6,6,6,6,5,5,6,6,6,6,7,7,7,7,
51010,Fine Particulate Matter,2021-08-19,7,7,8,8,8,6,5,5,4,4,3,5,7,6,5,5,4,5,4,5,6,6,7,6,
51010,Fine Particulate Matter,2021-08-20,7,7,7,6,6,6,6,5,6,5,6,8,10,11,10,12,13,11,12,13,13,14,14,15,
51010,Fine Particulate Matter,2021-08-21,14,14,16,17,17,17,14,12,12,12,12,15,15,15,16,16,15,14,14,13,14,14,14,14,
51010,Fine Particulate Matter,2021-08-22,14,14,14,14,14,13,12,11,11,10,10,11,11,11,11,11,10,9,9,9,10,11,11,11,
51010,Fine Particulate Matter,2021-08-23,11,11,11,12,11,12,10,9,8,6,7,7,8,7,7,8,8,9,7,7,8,8,9,10,
51010,Fine Particulate Matter,2021-08-24,10,8,7,6,5,5,3,9999,-999,-999,-999,-999,-999,-999,-999,9999,9999,9999,9999,9999,9999,9999,9999,9999,
51010,Fine Particulate Matter,2021-08-25,9999,9999,9999,9999,9999,9999,9999,10,10,9,9,9,10,9,9,9,9,6,4,4,5,7,7,7,
51010,Fine Particulate Matter,2021-08-26,7,6,6,6,6,5,5,4,4,5,6,7,8,6,3,2,2,2,3,3,5,4,2,2,
51010,Fine Particulate Matter,2021-08-27,1,1,1,1,1,1,1,1,1,1,1,1,1,1,1,1,1,1,1,1,1,1,1,1,
51010,Fine Particulate Matter,2021-08-28,1,2,3,2,2,2,3,-999,-999,-999,-999,-999,-999,-999,-999,-999,-999,-999,9999,9999,9999,9999,9999,9999,
51010,Fine Particulate Matter,2021-08-29,9999,9999,9999,9999,9999,9999,9999,9999,9999,8,7,6,7,7,7,7,9,10,10,10,13,12,10,9,
51010,Fine Particulate Matter,2021-08-30,8,7,6,5,6,6,5,5,6,5,4,3,3,3,2,2,2,2,3,3,3,3,4,4,
51010,Fine Particulate Matter,2021-08-31,4,4,5,7,5,4,3,2,3,4,3,2,2,2,2,2,3,3,4,3,2,3,4,4,
51010,Fine Particulate Matter,2021-09-01,5,5,5,4,4,3,3,2,2,4,4,4,4,4,3,3,4,4,4,4,4,4,3,3,
51010,Fine Particulate Matter,2021-09-02,4,4,4,3,3,2,2,2,1,2,2,2,1,2,2,2,2,2,2,2,2,2,2,2,
51010,Fine Particulate Matter,2021-09-03,2,2,2,2,2,2,2,2,2,2,2,2,2,2,2,2,2,2,2,2,2,2,2,2,
51010,Fine Particulate Matter,2021-09-04,3,5,5,4,3,3,2,2,2,2,2,4,4,3,3,2,3,2,2,3,3,4,3,4,
51010,Fine Particulate Matter,2021-09-05,5,5,5,4,4,4,4,4,3,3,4,9,8,9,6,4,2,2,3,3,5,5,4,4,
51010,Fine Particulate Matter,2021-09-06,5,4,3,3,2,2,1,2,2,2,2,3,3,2,3,4,3,2,2,2,2,2,2,2,
51010,Fine Particulate Matter,2021-09-07,2,2,2,2,1,1,2,2,3,3,2,2,2,2,2,2,2,3,3,3,3,3,4,2,
51010,Fine Particulate Matter,2021-09-08,2,2,3,3,4,4,3,3,3,4,5,7,7,7,6,2,2,4,5,4,2,1,1,1,
51010,Fine Particulate Matter,2021-09-09,1,2,3,3,2,2,1,2,2,2,2,2,2,2,2,2,2,2,2,2,2,2,2,3,
51010,Fine Particulate Matter,2021-09-10,2,2,2,3,3,2,2,2,2,2,2,2,2,2,2,2,2,2,2,3,3,3,2,4,
51010,Fine Particulate Matter,2021-09-11,5,5,5,4,4,3,2,2,2,2,2,3,3,3,3,4,4,4,4,3,3,5,4,4,
51010,Fine Particulate Matter,2021-09-12,5,6,10,10,8,7,5,4,4,4,4,2,2,2,1,1,1,1,1,1,1,1,1,1,
51010,Fine Particulate Matter,2021-09-13,2,2,2,2,2,2,2,2,2,2,3,2,2,2,2,2,2,2,2,2,2,2,2,2,
51010,Fine Particulate Matter,2021-09-14,2,2,2,2,2,2,2,2,2,2,2,2,2,2,3,3,3,4,4,5,5,5,5,7,
51010,Fine Particulate Matter,2021-09-15,6,8,8,6,6,6,4,3,1,1,1,1,1,1,1,1,1,1,1,2,3,3,3,2,
51010,Fine Particulate Matter,2021-09-16,2,2,2,2,2,2,2,2,2,3,3,4,8,8,6,4,4,4,4,3,3,3,3,2,
51010,Fine Particulate Matter,2021-09-17,2,2,2,2,2,2,2,2,3,3,3,3,4,4,4,4,4,5,3,3,3,3,4,4,
51010,Fine Particulate Matter,2021-09-18,6,5,6,11,10,6,4,3,2,2,1,1,1,1,1,1,2,2,2,2,2,2,1,1,
51010,Fine Particulate Matter,2021-09-19,2,2,2,2,2,2,2,2,2,2,2,2,2,2,2,2,2,3,3,3,3,3,3,3,
51010,Fine Particulate Matter,2021-09-20,2,2,2,2,2,2,2,-999,-999,-999,-999,-999,-999,-999,-999,-999,-999,4,4,4,4,4,4,3,
51010,Fine Particulate Matter,2021-09-21,3,3,3,3,3,4,4,4,4,5,6,6,7,6,6,7,9,9,8,8,8,7,6,6,
51010,Fine Particulate Matter,2021-09-22,4,3,4,3,2,6,7,3,2,1,1,1,1,1,1,1,1,1,1,1,1,1,1,1,
51010,Fine Particulate Matter,2021-09-23,1,1,1,1,1,1,1,1,1,1,1,1,1,2,2,2,2,3,4,8,8,9,9,8,
51010,Fine Particulate Matter,2021-09-24,6,5,4,4,3,3,2,2,2,2,2,2,3,2,1,1,2,2,2,2,2,2,4,3,
51010,Fine Particulate Matter,2021-09-25,2,2,2,2,2,2,2,2,2,3,3,3,4,5,4,4,3,7,8,5,2,2,4,4,
51010,Fine Particulate Matter,2021-09-26,3,3,3,2,2,2,2,2,2,3,5,5,3,2,2,2,2,3,3,3,2,3,2,2,
51010,Fine Particulate Matter,2021-09-27,3,3,3,4,4,3,2,2,2,3,3,4,4,5,6,5,5,6,6,5,4,4,3,3,
51010,Fine Particulate Matter,2021-09-28,2,2,2,2,2,2,2,2,2,2,2,2,2,2,2,2,2,2,2,2,2,2,2,2,
51010,Fine Particulate Matter,2021-09-29,2,2,2,2,2,2,2,2,2,2,2,2,2,2,2,2,3,3,3,3,3,3,2,2,
51010,Fine Particulate Matter,2021-09-30,2,2,2,2,2,2,2,2,2,2,2,2,2,2,2,2,2,3,3,3,3,3,2,2,
51010,Fine Particulate Matter,2021-10-01,2,2,2,2,2,2,2,2,2,2,3,3,3,2,2,2,3,3,3,2,2,2,3,3,
51010,Fine Particulate Matter,2021-10-02,2,2,2,2,2,2,2,2,3,3,3,4,4,4,4,5,4,4,7,7,5,3,2,2,
51010,Fine Particulate Matter,2021-10-03,2,2,1,1,1,1,1,1,1,1,1,1,1,1,1,2,2,2,2,2,2,3,3,3,
51010,Fine Particulate Matter,2021-10-04,3,3,2,2,3,4,4,3,2,3,2,2,2,2,2,2,2,2,2,3,3,3,4,4,
51010,Fine Particulate Matter,2021-10-05,4,4,5,6,6,5,4,2,2,3,4,5,5,6,4,3,5,4,4,6,6,5,5,4,
51010,Fine Particulate Matter,2021-10-06,4,4,3,3,2,3,2,2,2,2,3,3,3,6,8,7,6,4,4,6,6,7,6,5,
51010,Fine Particulate Matter,2021-10-07,5,5,5,5,5,5,4,2,2,3,4,4,6,7,6,5,5,4,4,5,7,7,6,5,
51010,Fine Particulate Matter,2021-10-08,5,6,5,5,4,4,4,4,2,2,3,4,5,7,6,5,4,2,3,4,6,6,5,5,
51010,Fine Particulate Matter,2021-10-09,3,2,4,4,3,4,6,6,6,6,6,8,7,7,7,8,8,9,8,8,8,8,6,5,
51010,Fine Particulate Matter,2021-10-10,5,6,7,7,7,6,6,6,5,5,5,4,4,5,6,7,7,7,8,8,8,7,6,6,
51010,Fine Particulate Matter,2021-10-11,5,5,4,4,4,4,3,2,2,2,3,3,3,4,5,6,6,5,5,5,5,5,5,4,
51010,Fine Particulate Matter,2021-10-12,4,3,3,3,3,3,3,2,2,2,3,3,3,3,3,5,5,7,7,6,5,5,5,5,
51010,Fine Particulate Matter,2021-10-13,4,4,5,5,4,4,4,4,4,3,2,3,3,3,4,4,2,3,5,4,4,3,3,3,
51010,Fine Particulate Matter,2021-10-14,3,2,2,2,2,2,2,2,2,2,2,2,3,3,3,2,2,2,2,3,2,2,3,4,
51010,Fine Particulate Matter,2021-10-15,3,3,4,5,5,5,5,5,4,5,6,6,6,6,5,4,3,3,5,5,4,4,5,5,
51010,Fine Particulate Matter,2021-10-16,6,8,8,6,4,3,3,3,2,2,2,3,4,3,2,2,3,3,2,2,1,1,1,1,
51010,Fine Particulate Matter,2021-10-17,1,1,1,1,1,1,1,1,1,1,1,2,2,2,2,2,2,2,2,2,2,2,2,2,
51010,Fine Particulate Matter,2021-10-18,2,2,2,2,2,2,2,2,2,2,2,2,2,2,2,2,2,3,3,3,2,2,2,2,
51010,Fine Particulate Matter,2021-10-19,3,3,3,3,3,3,2,2,2,2,2,2,9999,2,3,3,3,3,3,3,4,8,8,9,
51010,Fine Particulate Matter,2021-10-20,8,7,7,7,6,6,6,6,9999,9999,9999,9999,9999,9999,9999,9999,9999,9999,9999,9999,9,8,7,7,
51010,Fine Particulate Matter,2021-10-21,6,5,5,4,4,4,3,3,3,2,2,2,2,2,2,3,3,3,4,4,6,4,3,2,
51010,Fine Particulate Matter,2021-10-22,2,1,1,1,1,1,1,1,1,1,1,1,1,1,1,1,1,1,1,1,1,1,1,1,
51010,Fine Particulate Matter,2021-10-23,2,2,2,2,2,2,2,2,2,2,2,2,2,2,2,2,2,3,3,3,3,3,3,2,
51010,Fine Particulate Matter,2021-10-24,2,2,2,2,2,2,2,2,2,2,2,2,2,3,3,3,3,4,5,4,4,4,4,4,
51010,Fine Particulate Matter,2021-10-25,3,3,3,3,4,3,3,3,3,3,3,3,2,2,2,2,2,3,3,3,3,3,2,2,
51010,Fine Particulate Matter,2021-10-26,2,2,2,2,2,2,2,2,2,2,2,2,2,2,2,2,9999,9999,9999,9999,9999,9999,9999,9999,
51010,Fine Particulate Matter,2021-10-27,9999,2,3,3,3,2,3,3,3,3,3,3,3,3,2,2,2,2,2,2,3,3,3,3,
51010,Fine Particulate Matter,2021-10-28,3,3,3,3,3,3,3,2,2,2,2,2,2,2,2,2,2,2,3,3,4,4,4,5,
51010,Fine Particulate Matter,2021-10-29,5,6,6,5,5,5,5,6,6,6,7,7,6,5,5,4,4,4,4,4,4,3,4,4,
51010,Fine Particulate Matter,2021-10-30,4,4,3,3,3,3,3,3,3,3,3,3,3,3,3,3,3,3,4,4,4,4,3,3,
51010,Fine Particulate Matter,2021-10-31,3,4,3,3,3,2,2,3,3,3,4,4,5,5,5,4,4,4,4,4,3,4,4,3,
51010,Fine Particulate Matter,2021-11-01,3,3,3,3,3,3,3,3,2,2,2,2,2,2,2,2,2,3,3,2,2,2,2,2,
51010,Fine Particulate Matter,2021-11-02,2,2,2,2,2,2,2,2,2,2,2,2,2,2,2,2,2,3,3,3,3,3,2,2,
51010,Fine Particulate Matter,2021-11-03,2,2,2,2,2,2,2,2,2,2,2,2,2,2,2,2,2,2,2,2,2,2,2,2,
51010,Fine Particulate Matter,2021-11-04,2,2,2,2,2,2,2,2,2,2,2,2,2,2,2,2,2,2,2,2,2,2,2,2,
51010,Fine Particulate Matter,2021-11-05,2,2,2,2,2,2,2,2,2,2,2,2,2,2,2,2,2,3,3,3,4,3,3,3,
51010,Fine Particulate Matter,2021-11-06,4,5,5,5,5,5,5,5,7,9,8,8,7,6,6,5,5,6,6,6,6,6,6,6,
51010,Fine Particulate Matter,2021-11-07,6,7,7,7,7,7,7,7,8,9,8,9,7,7,6,7,8,8,8,9,11,9,9,9,
51010,Fine Particulate Matter,2021-11-08,10,11,10,9,9,8,7,7,7,7,7,7,7,6,6,6,7,8,7,7,7,7,8,9,
51010,Fine Particulate Matter,2021-11-09,8,8,9,9,10,9,9,9,9,8,7,6,5,5,4,5,6,7,6,5,5,5,5,4,
51010,Fine Particulate Matter,2021-11-10,5,5,5,4,4,4,4,4,4,3,3,2,2,2,2,3,3,4,4,3,3,3,3,3,
51010,Fine Particulate Matter,2021-11-11,3,4,4,4,4,3,3,3,3,3,3,2,3,3,3,3,3,4,4,5,4,4,4,4,
51010,Fine Particulate Matter,2021-11-12,4,4,4,4,4,4,4,2,2,2,2,3,6,5,5,4,4,4,4,4,4,4,4,3,
51010,Fine Particulate Matter,2021-11-13,3,3,3,3,4,4,3,3,3,3,3,3,3,3,2,3,3,3,3,3,3,3,2,2,
51010,Fine Particulate Matter,2021-11-14,2,2,2,2,2,2,2,2,2,2,2,2,2,2,2,2,2,2,2,2,2,2,2,2,
51010,Fine Particulate Matter,2021-11-15,2,2,2,2,2,2,2,2,2,4,3,3,3,2,2,2,3,4,4,3,3,3,3,2,
51010,Fine Particulate Matter,2021-11-16,2,2,2,2,2,2,2,2,2,2,2,2,2,2,2,2,2,2,2,2,2,3,2,2,
51010,Fine Particulate Matter,2021-11-17,2,2,2,2,2,2,2,2,2,2,2,2,2,2,2,2,3,3,3,3,3,3,3,3,
51010,Fine Particulate Matter,2021-11-18,3,3,3,3,3,3,3,3,3,3,2,3,3,2,2,2,2,2,2,2,2,2,2,2,
51010,Fine Particulate Matter,2021-11-19,2,2,2,2,2,2,2,2,2,2,2,2,2,2,2,2,2,2,2,2,2,2,2,2,
51010,Fine Particulate Matter,2021-11-20,2,2,2,2,2,2,2,2,2,3,2,2,2,2,2,2,3,3,3,3,3,3,3,3,
51010,Fine Particulate Matter,2021-11-21,3,3,3,4,3,3,4,4,3,3,4,4,5,4,4,4,5,6,6,6,6,5,5,4,
51010,Fine Particulate Matter,2021-11-22,3,3,2,2,2,2,2,2,1,1,1,1,1,1,1,1,1,1,1,1,1,1,1,1,
51010,Fine Particulate Matter,2021-11-23,1,1,1,1,2,2,1,2,2,3,2,2,2,2,2,3,3,2,2,2,2,2,2,2,
51010,Fine Particulate Matter,2021-11-24,2,2,3,3,3,4,5,4,4,4,4,4,3,3,3,3,4,6,6,6,6,6,6,5,
51010,Fine Particulate Matter,2021-11-25,5,5,5,5,6,6,6,6,6,7,7,8,8,8,8,7,6,6,6,6,5,5,4,4,
51010,Fine Particulate Matter,2021-11-26,5,5,5,4,3,3,3,2,2,2,2,2,2,2,2,2,2,2,2,2,2,2,2,2,
51010,Fine Particulate Matter,2021-11-27,2,2,2,2,2,2,2,2,2,2,2,2,2,2,2,2,2,2,2,2,2,2,2,2,
51010,Fine Particulate Matter,2021-11-28,2,2,2,2,2,2,2,2,2,2,2,2,2,2,2,2,2,2,2,2,2,2,2,2,
51010,Fine Particulate Matter,2021-11-29,2,2,2,2,2,2,2,2,9999,2,2,2,2,2,2,2,9999,9999,9999,9999,9999,9999,9999,9999,
51010,Fine Particulate Matter,2021-11-30,6,7,6,6,5,6,5,4,4,3,3,4,3,3,3,3,4,5,5,5,5,5,5,5,
51010,Fine Particulate Matter,2021-12-01,5,5,4,3,3,3,3,3,3,4,3,3,2,2,2,2,2,3,3,3,3,3,3,3,
51010,Fine Particulate Matter,2021-12-02,3,2,2,2,2,3,3,3,3,3,2,2,2,2,2,2,2,2,3,3,3,3,3,3,
51010,Fine Particulate Matter,2021-12-03,3,3,4,5,4,4,4,4,4,3,2,2,2,2,2,2,4,9999,4,4,3,3,3,3,
51010,Fine Particulate Matter,2021-12-04,3,3,3,3,3,3,3,2,3,3,3,3,3,2,2,2,4,5,4,4,4,4,3,3,
51010,Fine Particulate Matter,2021-12-05,4,4,4,4,4,3,3,3,3,2,2,2,2,2,3,2,2,2,2,2,2,2,2,2,
51010,Fine Particulate Matter,2021-12-06,2,2,2,2,2,2,2,2,2,3,3,2,2,3,2,3,3,3,2,2,2,2,2,2,
51010,Fine Particulate Matter,2021-12-07,2,2,2,2,2,2,2,2,2,2,2,2,2,2,2,2,2,2,2,2,2,2,2,2,
51010,Fine Particulate Matter,2021-12-08,3,3,2,2,2,2,2,2,2,2,2,2,2,2,2,3,3,4,5,5,5,5,5,5,
51010,Fine Particulate Matter,2021-12-09,5,4,3,3,3,3,3,3,3,4,4,4,3,3,2,2,3,6,5,5,5,6,5,5,
51010,Fine Particulate Matter,2021-12-10,4,3,4,3,4,4,5,6,7,8,8,9,9,9,9,9,8,7,8,9,8,9,9,9,
51010,Fine Particulate Matter,2021-12-11,12,14,15,15,17,15,11,7,6,6,5,5,4,4,4,3,3,2,2,3,3,-999,-999,-999,
51010,Fine Particulate Matter,2021-12-11,-999,-999,-999,-999,-999,-999,-999,-999,-999,-999,-999,-999,-999,-999,-999,-999,2,2,2,3,3,3,5,5,
51010,Fine Particulate Matter,2021-12-13,5,5,5,5,5,5,5,4,5,5,4,3,3,3,3,3,4,4,5,5,5,5,4,4,
51010,Fine Particulate Matter,2021-12-14,4,4,4,4,4,4,4,4,7,4,4,3,3,3,3,3,3,3,3,3,3,3,3,3,
51010,Fine Particulate Matter,2021-12-15,4,5,6,5,4,4,4,4,4,3,3,3,3,4,4,4,3,3,4,4,5,5,6,6,
51010,Fine Particulate Matter,2021-12-16,7,7,9,9,8,8,7,7,7,6,2,2,2,4,5,5,6,7,9,14,11,9999,12,12,
51010,Fine Particulate Matter,2021-12-17,11,10,9,9,8,8,6,3,4,4,4,4,4,3,3,3,3,3,3,3,3,3,3,3,
51010,Fine Particulate Matter,2021-12-18,3,4,4,4,5,4,4,3,3,3,3,3,3,3,3,3,3,3,3,3,4,4,3,3,
51010,Fine Particulate Matter,2021-12-19,2,2,2,2,2,2,2,2,2,2,2,2,2,2,2,1,2,3,3,4,3,3,2,2,
51010,Fine Particulate Matter,2021-12-20,2,2,2,2,2,3,3,2,3,5,5,5,5,5,4,4,4,4,4,4,5,5,4,5,
51010,Fine Particulate Matter,2021-12-21,3,3,3,3,3,3,3,4,4,4,3,3,3,3,3,3,3,3,3,3,3,3,3,3,
51010,Fine Particulate Matter,2021-12-22,2,2,3,4,5,5,5,5,4,3,3,2,3,3,3,3,3,3,3,3,3,3,3,3,
51010,Fine Particulate Matter,2021-12-23,2,2,2,2,2,2,2,2,2,3,3,2,2,2,2,2,2,3,3,3,3,3,3,3,
51010,Fine Particulate Matter,2021-12-24,3,3,3,3,4,4,4,4,4,4,5,4,4,5,5,4,5,6,6,7,8,7,7,8,
51010,Fine Particulate Matter,2021-12-25,8,8,7,7,7,7,8,8,7,7,7,7,6,7,7,6,6,6,6,6,6,5,6,6,
51010,Fine Particulate Matter,2021-12-26,6,6,5,4,4,3,3,3,3,3,3,3,3,3,3,3,2,2,2,3,3,4,3,3,
51010,Fine Particulate Matter,2021-12-27,3,3,2,1,1,1,2,2,3,3,3,3,3,2,2,2,2,3,3,3,3,3,2,2,
51010,Fine Particulate Matter,2021-12-28,2,3,3,4,4,5,5,5,6,7,7,7,5,4,3,3,3,3,4,6,5,3,3,3,
51010,Fine Particulate Matter,2021-12-29,3,3,2,3,3,3,3,3,3,3,3,3,3,2,3,3,3,4,4,5,5,5,6,7,
51010,Fine Particulate Matter,2021-12-30,7,8,9,10,10,11,11,10,9,10,11,11,7,6,6,6,7,7,7,8,10,12,13,13,
51010,Fine Particulate Matter,2021-12-31,12,11,10,9,8,8,9,11,12,13,12,13,16,13,13,15,15,15,15,15,15,16,20,21,
51010,Fine Particulate Matter,2022-01-01,21,23,24,24,23,22,20,19,17,15,8,3,3,3,3,3,3,3,3,3,3,3,3,3,
51010,Fine Particulate Matter,2022-01-02,2,2,2,2,2,2,2,2,2,1,1,1,1,1,1,1,1,1,2,2,2,2,2,2,
51010,Fine Particulate Matter,2022-01-03,2,2,2,3,3,3,3,2,2,3,3,2,2,2,2,2,2,2,3,3,4,4,4,5,
51010,Fine Particulate Matter,2022-01-04,5,5,4,5,4,4,4,4,5,5,6,7,7,6,9,10,9,8,9,10,10,9,9,9,
51010,Fine Particulate Matter,2022-01-05,8,8,8,8,8,8,7,7,7,7,7,7,7,7,6,6,6,5,5,4,4,4,4,3,
51010,Fine Particulate Matter,2022-01-06,4,6,6,6,5,4,4,4,3,4,3,3,3,3,3,2,3,4,3,3,3,3,3,3,
51010,Fine Particulate Matter,2022-01-07,3,3,3,3,2,2,2,2,2,2,2,2,2,2,2,2,2,3,3,3,3,3,3,3,
51010,Fine Particulate Matter,2022-01-08,3,2,2,2,2,2,2,3,2,2,2,2,3,3,3,3,3,3,3,3,4,3,3,3,
51010,Fine Particulate Matter,2022-01-09,3,3,3,4,4,4,4,4,4,4,5,5,4,3,3,3,3,2,3,3,3,3,3,3,
51010,Fine Particulate Matter,2022-01-10,3,3,3,3,3,3,2,2,2,2,2,3,3,3,3,3,4,7,8,9,8,9,8,8,
51010,Fine Particulate Matter,2022-01-11,8,8,7,7,6,6,6,6,6,6,7,6,6,6,6,6,7,7,8,8,7,7,6,6,
51010,Fine Particulate Matter,2022-01-12,7,7,7,7,6,6,5,5,5,6,5,6,6,6,6,7,7,7,7,6,6,6,5,5,
51010,Fine Particulate Matter,2022-01-13,5,5,4,4,4,4,4,4,4,5,4,4,5,5,5,6,7,8,8,8,8,11,5,3,
51010,Fine Particulate Matter,2022-01-14,3,3,3,3,3,4,4,5,5,5,5,5,5,4,4,4,5,6,6,6,6,6,6,5,
51010,Fine Particulate Matter,2022-01-15,5,4,3,3,3,3,3,3,4,4,4,4,4,4,3,3,3,3,3,3,3,4,3,3,
51010,Fine Particulate Matter,2022-01-16,3,3,3,3,4,5,6,7,7,7,6,5,5,5,4,4,4,4,5,6,7,6,6,7,
51010,Fine Particulate Matter,2022-01-17,8,9,10,9,9,8,7,6,5,5,5,4,3,3,3,2,3,3,4,4,4,4,4,4,
51010,Fine Particulate Matter,2022-01-18,3,3,3,3,3,3,3,3,5,6,7,6,6,6,5,5,5,5,5,5,6,8,8,7,
51010,Fine Particulate Matter,2022-01-19,6,5,5,5,5,4,4,4,4,4,4,5,5,5,6,5,4,4,3,3,4,4,4,5,
51010,Fine Particulate Matter,2022-01-20,4,4,4,4,4,4,3,3,3,2,2,2,2,2,2,2,2,2,2,2,2,3,3,3,
51010,Fine Particulate Matter,2022-01-21,2,2,2,2,2,2,2,2,3,5,6,4,3,3,3,3,3,3,4,4,4,4,5,5,
51010,Fine Particulate Matter,2022-01-22,5,5,5,6,6,6,7,6,6,6,6,5,5,6,6,6,7,8,8,10,11,11,10,11,
51010,Fine Particulate Matter,2022-01-23,12,12,6,3,4,4,4,4,3,3,2,2,1,1,1,1,2,2,2,2,2,2,2,2,
51010,Fine Particulate Matter,2022-01-24,2,2,2,2,2,2,5,5,7,6,5,5,5,5,4,4,5,5,6,6,6,7,8,8,
51010,Fine Particulate Matter,2022-01-25,8,9,9,8,8,8,9,9,5,4,3,3,3,3,3,2,3,3,3,3,3,4,3,3,
51010,Fine Particulate Matter,2022-01-26,3,3,3,3,3,3,2,2,3,3,4,3,3,3,2,3,5,7,7,7,7,7,6,6,
51010,Fine Particulate Matter,2022-01-27,6,6,6,6,6,6,6,6,6,6,5,5,4,4,5,6,6,7,8,8,8,8,4,4,
51010,Fine Particulate Matter,2022-01-28,4,4,5,5,5,5,5,5,5,5,5,4,4,3,3,3,3,3,3,3,3,3,3,3,
51010,Fine Particulate Matter,2022-01-29,3,3,3,3,3,3,2,2,4,4,4,4,3,2,2,2,2,2,2,2,2,2,2,2,
51010,Fine Particulate Matter,2022-01-30,3,3,3,3,3,3,2,3,3,4,6,3,2,2,2,2,2,2,3,2,3,3,3,2,
51010,Fine Particulate Matter,2022-01-31,2,2,3,4,3,3,3,3,3,4,3,2,2,2,2,3,3,3,3,3,4,4,4,4,
51010,Fine Particulate Matter,2022-02-01,7,11,14,17,16,16,14,14,12,11,12,13,12,12,11,10,9,8,7,7,8,9,10,9,
51010,Fine Particulate Matter,2022-02-02,9,9,10,10,10,10,10,10,10,12,14,15,16,17,14,11,7,3,3,3,3,3,3,3,
51010,Fine Particulate Matter,2022-02-03,3,3,3,3,3,3,3,4,4,4,3,3,3,2,2,2,3,3,4,4,4,4,3,3,
51010,Fine Particulate Matter,2022-02-04,4,4,4,5,5,5,5,4,4,4,3,3,3,3,3,3,3,3,4,4,4,3,3,3,
51010,Fine Particulate Matter,2022-02-05,3,3,3,3,3,3,3,3,2,2,2,2,2,2,2,2,2,3,3,3,2,2,3,4,
51010,Fine Particulate Matter,2022-02-06,5,7,7,7,6,6,5,5,4,3,3,3,3,3,3,3,3,3,4,4,4,4,4,4,
51010,Fine Particulate Matter,2022-02-07,6,7,7,8,8,8,8,8,8,8,9,10,9,8,8,7,6,6,7,7,7,7,7,8,
51010,Fine Particulate Matter,2022-02-08,10,11,12,12,14,17,19,20,21,21,21,22,20,20,17,11,6,4,4,4,4,4,4,4,
51010,Fine Particulate Matter,2022-02-09,4,4,4,4,5,6,6,5,5,5,6,6,7,6,7,7,6,5,6,6,6,6,6,6,
51010,Fine Particulate Matter,2022-02-10,7,8,8,8,7,7,8,8,7,7,4,3,4,3,3,3,4,5,5,5,5,5,4,4,
51010,Fine Particulate Matter,2022-02-11,3,3,3,3,3,4,5,5,6,8,8,7,6,5,4,4,3,4,4,4,4,3,3,4,
51010,Fine Particulate Matter,2022-02-12,3,3,3,3,3,3,4,4,4,4,4,4,3,3,3,3,3,2,3,3,3,3,3,3,
51010,Fine Particulate Matter,2022-02-13,4,4,4,4,3,3,3,3,4,4,3,3,2,2,2,2,2,4,4,5,4,4,4,3,
51010,Fine Particulate Matter,2022-02-14,3,3,3,3,3,3,2,2,3,3,3,2,2,2,2,2,2,2,2,2,2,2,2,2,
51010,Fine Particulate Matter,2022-02-15,2,2,2,2,2,3,2,3,2,2,2,2,2,2,2,2,2,2,3,3,4,4,4,4,
51010,Fine Particulate Matter,2022-02-16,5,6,5,5,5,5,5,5,5,5,5,6,7,6,6,7,9,11,13,14,14,14,14,11,
51010,Fine Particulate Matter,2022-02-17,8,8,10,9,8,7,7,8,12,17,9,9,9,6,4,5,7,6,5,4,4,3,3,3,
51010,Fine Particulate Matter,2022-02-18,3,3,3,3,3,3,3,4,4,4,4,3,3,3,2,2,2,3,3,3,4,5,4,3,
51010,Fine Particulate Matter,2022-02-19,3,3,3,2,2,2,2,2,2,2,2,2,2,3,3,3,3,4,4,4,4,3,3,3,
51010,Fine Particulate Matter,2022-02-20,3,3,3,3,4,3,3,3,3,4,4,3,3,3,3,3,3,4,4,4,4,4,4,4,
51010,Fine Particulate Matter,2022-02-21,6,6,5,6,5,5,5,5,5,5,5,4,4,3,3,3,3,3,4,4,4,4,4,4,
51010,Fine Particulate Matter,2022-02-22,3,4,3,3,3,3,3,3,4,4,4,4,4,4,4,3,4,5,5,5,4,4,4,3,
51010,Fine Particulate Matter,2022-02-23,4,4,4,4,4,4,4,4,4,3,3,3,3,3,3,3,3,3,3,3,3,4,4,3,
51010,Fine Particulate Matter,2022-02-24,4,4,4,4,4,3,3,4,4,4,3,2,2,2,2,2,2,2,2,3,3,3,3,3,
51010,Fine Particulate Matter,2022-02-25,4,4,4,3,3,3,2,2,2,2,2,2,2,2,2,2,2,3,3,3,3,3,3,3,
51010,Fine Particulate Matter,2022-02-26,2,3,2,2,3,2,2,2,3,4,3,4,4,2,2,3,3,3,3,3,3,3,3,3,
51010,Fine Particulate Matter,2022-02-27,3,3,4,4,5,5,6,6,6,4,4,4,4,4,4,4,5,5,5,5,5,4,5,4,
51010,Fine Particulate Matter,2022-02-28,5,5,5,5,5,5,5,5,4,3,3,2,2,2,4,3,

From,January 1, 2020 EST
To,December 31, 2024 EST



Air Quality Ontario. Maintained by the Government of Ontario
Copyright King's Printer for Ontario 2026
